Year,BA,Mean_Abs_Diff_MWh,Mean_Rel_Diff_%,Peak_Abs_Diff_M1_MWh,Peak_Rel_Diff_M1_%,Peak_Abs_Diff_M2_MWh,Peak_Rel_Diff_M2_%
2020,AEC,8.44,1.55,11.85,1.38,0.22000000000002728,0.02
2020,AECI,38.34,1.56,55.96,1.4,1.6199999999998909,0.03
2020,AVA,12.89,0.86,13.16,0.63,7.579999999999927,0.29
2020,AZPS,76.56,2.05,129.34,2.0,105.60999999999967,1.31
2020,BANC,33.93,1.51,65.41,1.87,194.85999999999967,3.82
2020,BPAT,59.17,0.85,51.29,0.56,45.68000000000029,0.37
2020,CHPD,2.39,1.05,3.12,0.79,1.9300000000000637,0.34
2020,CISO,423.75,1.42,698.46,1.65,756.3600000000006,1.34
2020,CPLE,93.33,1.33,135.78,1.29,113.85000000000036,0.89
2020,DOPD,2.16,1.06,2.06,0.67,1.0200000000000387,0.23
2020,DUK,144.95,1.19,215.65,1.22,2.1599999999998545,0.01
2020,EPE,21.41,2.22,35.43,2.26,41.319999999999936,2.18
2020,ERCO,540.21,1.41,802.66,1.37,878.7400000000052,1.28
2020,FMPP,39.47,1.77,58.46,1.75,18.61999999999989,0.48
2020,FPC,121.82,1.83,179.75,1.71,121.29000000000087,0.97
2020,FPL,250.2,1.63,370.38,1.61,38.909999999999854,0.15
2020,GCPD,5.47,0.82,6.39,0.77,7.149999999999977,0.73
2020,GVL,5.14,2.07,8.04,2.1,10.060000000000002,2.14
2020,HST,1.23,1.79,1.62,1.62,1.5900000000000034,1.45
2020,IID,7.31,1.44,16.85,1.83,24.84999999999991,1.99
2020,IPCO,20.52,1.02,31.63,1.04,56.690000000000055,1.42
2020,ISNE,158.41,0.92,326.55,1.41,384.2699999999968,1.3
2020,JEA,30.22,1.87,44.52,1.85,63.48000000000002,2.14
2020,LDWP,54.08,1.44,104.0,1.83,192.40999999999985,2.53
2020,LGEE,91.36,2.52,126.5,2.4,117.22999999999956,1.81
2020,MISO,1243.45,1.6,1844.88,1.75,2219.970000000001,1.78
2020,NEVP,58.06,1.18,102.88,1.3,137.9300000000003,1.39
2020,NSB,1.31,2.52,2.28,2.69,2.239999999999995,2.08
2020,NWMT,17.18,1.6,18.9,1.42,26.410000000000082,1.71
2020,NYIS,230.67,1.16,403.41,1.43,537.7000000000044,1.53
2020,PACE,106.24,1.67,137.05,1.63,136.25,1.36
2020,PACW,24.89,0.96,26.97,0.8,19.670000000000073,0.46
2020,PGE,23.72,0.93,28.62,0.84,44.460000000000036,0.97
2020,PJM,1544.07,1.55,2624.16,1.79,3670.5100000000093,2.05
2020,PNM,57.42,3.27,77.45,3.11,109.89000000000033,3.76
2020,PSCO,146.48,2.9,191.12,2.71,358.53000000000065,4.17
2020,PSEI,30.02,0.79,28.47,0.55,27.610000000000582,0.43
2020,SC,41.56,1.34,60.35,1.31,164.69999999999982,2.73
2020,SCEG,42.3,1.32,64.43,1.37,119.67000000000007,2.11
2020,SCL,9.81,0.78,10.44,0.62,8.069999999999709,0.39
2020,SEC,3.18,1.91,4.26,1.72,3.3999999999999773,1.16
2020,SOCO,330.84,1.23,480.53,1.2,695.7699999999968,1.48
2020,SPA,1.13,1.49,1.39,1.33,2.559999999999988,2.15
2020,SRP,74.65,2.08,126.81,1.98,98.72000000000025,1.26
2020,SWPP,364.37,1.13,470.99,0.96,541.4699999999939,0.93
2020,TAL,6.9,2.01,10.9,2.11,8.449999999999932,1.32
2020,TEC,50.82,1.89,76.25,1.9,38.279999999999745,0.83
2020,TEPC,37.67,2.16,62.38,2.16,81.67000000000007,2.33
2020,TIDC,4.77,1.38,8.67,1.61,13.149999999999977,1.76
2020,TPWR,4.67,0.75,4.86,0.56,2.5900000000001455,0.24
2020,TVA,271.9,1.36,398.91,1.37,495.47000000000116,1.42
2020,WACM,84.29,2.63,92.44,2.28,76.31999999999971,1.62
2020,WALC,16.69,1.48,22.78,1.45,34.090000000000146,1.89
2020,WAUW,1.7,1.97,2.04,1.72,1.589999999999975,1.1
2025,AEC,11.59,2.11,17.0,2.01,25.960000000000036,1.58
2025,AECI,53.33,2.3,63.14,1.65,8.399999999999636,0.15
2025,AVA,23.13,1.43,25.06,1.11,28.269999999999982,1.05
2025,AZPS,135.84,3.44,238.14,3.59,292.170000000001,3.52
2025,BANC,58.68,2.48,108.68,2.85,139.10000000000036,2.65
2025,BPAT,103.83,1.41,101.49,1.04,25.75,0.21
2025,CHPD,3.21,1.37,2.89,0.72,4.32000000000005,0.82
2025,CISO,701.36,2.29,1031.53,2.32,1105.9000000000015,1.89
2025,CPLE,135.91,1.93,241.45,2.35,85.81999999999971,0.56
2025,DOPD,3.39,1.56,2.94,0.9,3.75,0.95
2025,DUK,228.67,1.87,408.33,2.35,202.13999999999942,0.85
2025,EPE,34.48,3.55,56.13,3.64,66.32000000000016,3.52
2025,ERCO,836.28,2.15,1398.46,2.41,1894.5599999999977,2.84
2025,FMPP,53.37,2.43,83.49,2.6,71.47999999999956,1.74
2025,FPC,170.67,2.56,292.19,2.88,209.84000000000015,1.44
2025,FPL,355.11,2.37,545.36,2.47,746.3300000000017,2.93
2025,GCPD,9.68,1.36,13.92,1.57,12.829999999999927,1.24
2025,GVL,6.98,2.79,12.6,3.38,4.840000000000032,0.93
2025,HST,1.62,2.42,2.4,2.49,1.7800000000000011,1.67
2025,IID,11.4,2.28,22.73,2.35,52.30000000000018,4.17
2025,IPCO,44.35,1.99,76.94,2.36,79.90999999999985,1.91
2025,ISNE,212.25,1.3,350.67,1.58,588.25,2.11
2025,JEA,42.58,2.65,67.44,2.87,26.979999999999563,0.63
2025,LDWP,87.05,2.28,134.17,2.28,131.97999999999956,1.7
2025,LGEE,127.67,3.58,170.67,3.33,84.27999999999975,1.23
2025,MISO,2245.37,2.89,3168.01,3.09,3452.600000000006,2.95
2025,NEVP,119.08,2.35,198.95,2.39,218.9399999999987,2.14
2025,NSB,1.53,2.94,2.78,3.4,1.490000000000009,1.12
2025,NWMT,35.77,3.19,43.9,3.14,53.00999999999999,3.28
2025,NYIS,326.52,1.69,528.52,1.97,835.260000000002,2.52
2025,PACE,192.3,2.82,270.44,3.0,268.3299999999999,2.51
2025,PACW,46.83,1.72,56.69,1.62,9.969999999999345,0.24
2025,PGE,45.31,1.7,60.72,1.7,86.27000000000044,1.92
2025,PJM,2485.46,2.58,3891.83,2.8,3227.109999999986,1.93
2025,PNM,98.41,5.32,134.97,5.28,133.1500000000001,4.4
2025,PSCO,255.9,4.81,355.79,4.86,300.4400000000005,3.35
2025,PSEI,49.18,1.23,50.48,0.93,60.43000000000029,0.93
2025,SC,61.82,1.97,105.08,2.33,9.4399999999996,0.14
2025,SCEG,63.33,1.95,107.67,2.33,17.80999999999949,0.28
2025,SCL,16.11,1.22,17.59,1.01,23.820000000000164,1.14
2025,SEC,4.13,2.48,6.53,2.63,5.300000000000011,1.19
2025,SOCO,514.52,1.91,800.48,2.07,861.1200000000026,1.54
2025,SPA,1.92,2.58,2.34,2.26,0.7999999999999972,0.65
2025,SRP,131.66,3.46,231.75,3.52,234.53999999999996,2.9
2025,SWPP,646.48,2.01,1013.85,2.16,1239.5599999999977,2.29
2025,TAL,9.3,2.73,15.3,3.04,13.309999999999945,1.6
2025,TEC,71.02,2.7,109.41,2.84,83.38000000000011,1.8
2025,TEPC,62.12,3.47,105.41,3.6,155.40999999999985,4.26
2025,TIDC,8.8,2.43,15.44,2.67,19.789999999999964,2.62
2025,TPWR,7.32,1.12,7.89,0.86,9.970000000000027,0.91
2025,TVA,403.11,2.01,592.5,2.06,34.01000000000204,0.08
2025,WACM,150.46,4.44,188.16,4.48,245.07999999999993,4.97
2025,WALC,31.03,2.62,43.61,2.63,53.559999999999945,2.74
2025,WAUW,3.33,3.68,4.48,3.56,4.360000000000014,2.93
2030,AEC,15.88,2.86,23.89,2.64,25.110000000000127,2.36
2030,AECI,44.98,1.89,55.7,1.41,72.4399999999996,1.46
2030,AVA,27.76,1.67,34.97,1.52,23.539999999999964,0.82
2030,AZPS,158.99,3.84,279.32,4.12,389.5,4.35
2030,BANC,56.39,2.27,113.35,2.89,122.92000000000007,2.23
2030,BPAT,112.04,1.48,128.07,1.28,158.84000000000015,1.2
2030,CHPD,3.4,1.4,3.35,0.79,4.25,0.72
2030,CISO,736.94,2.28,1257.02,2.74,1652.0899999999965,2.78
2030,CPLE,158.68,2.22,286.15,2.63,453.77000000000044,3.48
2030,DOPD,3.06,1.39,2.88,0.89,2.5499999999999545,0.59
2030,DUK,266.5,2.12,483.54,2.63,450.8600000000006,2.03
2030,EPE,32.15,3.09,57.16,3.51,56.19999999999982,2.62
2030,ERCO,769.01,1.93,1152.57,1.88,1784.520000000004,2.51
2030,FMPP,80.28,3.63,122.38,3.75,119.45999999999958,3.24
2030,FPC,256.56,3.86,416.66,4.03,412.03999999999905,3.51
2030,FPL,553.61,3.62,796.98,3.54,806.9599999999991,3.24
2030,GCPD,8.45,1.13,14.23,1.53,10.279999999999973,0.96
2030,GVL,9.41,3.83,14.93,3.94,19.350000000000023,4.28
2030,HST,2.38,3.48,3.24,3.29,3.1400000000000006,2.93
2030,IID,14.73,2.72,28.19,2.86,22.480000000000018,1.72
2030,IPCO,67.0,2.82,118.7,3.32,111.19000000000051,2.54
2030,ISNE,167.31,0.99,347.56,1.52,443.3600000000006,1.6
2030,JEA,57.77,3.66,93.6,3.95,119.94000000000005,4.18
2030,LDWP,99.85,2.43,179.04,2.92,241.8800000000001,3.07
2030,LGEE,184.76,5.0,309.23,5.73,339.0499999999993,5.07
2030,MISO,2359.14,2.95,3538.99,3.25,3429.3199999999924,2.67
2030,NEVP,220.9,4.12,371.0,4.32,337.6700000000001,3.26
2030,NSB,2.08,4.03,3.59,4.28,5.409999999999997,5.48
2030,NWMT,47.99,4.08,63.64,4.31,66.8599999999999,3.88
2030,NYIS,233.3,1.17,478.13,1.74,30.330000000001746,0.09
2030,PACE,243.79,3.36,375.7,3.91,462.60000000000036,4.03
2030,PACW,55.47,1.98,82.36,2.23,68.81999999999971,1.53
2030,PGE,57.88,2.07,102.82,2.71,161.0699999999997,3.27
2030,PJM,2881.72,2.92,4683.87,3.23,4421.369999999995,2.47
2030,PNM,88.81,4.5,133.25,4.92,164.98999999999978,4.91
2030,PSCO,224.13,3.98,328.1,4.19,250.82999999999993,2.53
2030,PSEI,44.27,1.08,45.8,0.82,62.98000000000047,0.91
2030,SC,84.66,2.61,145.18,3.0,179.25,3.1
2030,SCEG,89.07,2.62,150.33,3.03,158.07000000000062,2.66
2030,SCL,13.91,1.03,14.23,0.79,19.579999999999927,0.91
2030,SEC,5.63,3.47,8.54,3.49,8.930000000000007,3.18
2030,SOCO,653.52,2.4,882.01,2.09,1064.6699999999983,2.14
2030,SPA,1.95,2.54,2.9,2.74,3.200000000000003,2.56
2030,SRP,153.88,3.82,278.89,4.13,377.4900000000016,4.34
2030,SWPP,503.99,1.5,697.79,1.37,1514.3800000000047,2.5
2030,TAL,12.2,3.64,18.97,3.64,25.039999999999964,4.01
2030,TEC,105.17,3.96,152.9,3.88,94.02000000000044,2.14
2030,TEPC,71.0,3.79,115.01,3.87,146.47000000000025,3.73
2030,TIDC,8.48,2.22,15.9,2.69,18.129999999999995,2.26
2030,TPWR,6.65,1.0,7.08,0.74,12.590000000000146,1.08
2030,TVA,488.42,2.41,718.91,2.36,676.4000000000015,1.82
2030,WACM,129.9,3.64,171.92,3.83,191.95000000000073,3.6
2030,WALC,31.8,2.58,44.31,2.65,60.68999999999983,3.11
2030,WAUW,4.12,4.29,6.57,4.89,6.859999999999985,4.31
2035,AEC,16.9,2.98,30.56,3.46,48.30000000000018,4.58
2035,AECI,42.39,1.61,92.55,2.4,137.94999999999982,2.95
2035,AVA,31.24,1.86,31.82,1.42,33.7800000000002,1.25
2035,AZPS,148.94,3.47,274.42,3.83,324.77999999999884,3.54
2035,BANC,44.9,1.74,111.8,2.92,136.58999999999924,2.68
2035,BPAT,130.06,1.7,107.28,1.12,143.85000000000036,1.16
2035,CHPD,4.14,1.74,3.2,0.8,2.730000000000018,0.49
2035,CISO,573.07,1.7,1211.09,2.58,1019.8800000000047,1.75
2035,CPLE,162.35,2.27,288.56,2.72,257.1800000000003,1.97
2035,DOPD,3.86,1.74,3.18,1.02,2.680000000000007,0.66
2035,DUK,294.75,2.34,550.65,3.05,752.6699999999983,3.39
2035,EPE,23.34,2.13,43.4,2.52,48.039999999999964,2.18
2035,ERCO,641.86,1.58,1040.8,1.66,1165.6300000000047,1.56
2035,FMPP,72.11,3.3,107.25,3.33,99.76000000000022,2.71
2035,FPC,222.81,3.39,352.98,3.47,244.48999999999978,2.03
2035,FPL,513.45,3.39,765.87,3.45,778.5399999999972,3.06
2035,GCPD,11.98,1.58,21.36,2.3,21.079999999999927,1.99
2035,GVL,8.45,3.45,13.88,3.72,19.560000000000002,4.32
2035,HST,2.48,3.64,3.56,3.63,5.060000000000002,4.67
2035,IID,12.26,2.14,26.39,2.59,28.800000000000182,2.22
2035,IPCO,59.38,2.4,124.94,3.44,127.90999999999985,2.8
2035,ISNE,158.12,0.93,292.43,1.28,206.0600000000013,0.71
2035,JEA,52.41,3.3,87.96,3.8,81.67999999999984,2.93
2035,LDWP,81.87,1.9,188.18,2.98,197.69999999999982,2.47
2035,LGEE,208.23,5.69,333.9,6.28,357.35000000000036,5.62
2035,MISO,1901.23,2.35,3393.22,3.06,3793.2000000000116,2.9
2035,NEVP,159.6,2.78,327.46,3.63,360.52000000000044,3.27
2035,NSB,1.92,3.79,3.24,3.98,4.240000000000009,4.32
2035,NWMT,40.12,3.29,54.49,3.64,64.84999999999991,3.73
2035,NYIS,197.0,0.97,430.77,1.56,297.90000000000146,0.89
2035,PACE,160.13,2.09,288.43,2.84,281.0500000000011,2.32
2035,PACW,55.08,1.93,82.7,2.26,52.86999999999989,1.23
2035,PGE,67.2,2.36,115.22,3.07,138.35000000000036,2.88
2035,PJM,3095.81,3.11,5682.76,3.86,5030.120000000024,2.86
2035,PNM,57.64,2.77,100.39,3.43,123.34999999999991,3.55
2035,PSCO,134.56,2.22,261.43,3.06,331.47999999999956,3.09
2035,PSEI,60.88,1.47,42.62,0.77,57.159999999999854,0.85
2035,SC,89.65,2.77,156.1,3.31,103.98999999999978,1.8
2035,SCEG,96.71,2.88,165.26,3.44,178.48000000000047,2.99
2035,SCL,19.38,1.42,15.5,0.87,34.88000000000011,1.6
2035,SEC,5.22,3.19,7.8,3.22,4.840000000000032,1.58
2035,SOCO,730.31,2.63,1367.38,3.39,1658.6100000000006,3.4
2035,SPA,1.33,1.73,2.01,1.87,2.339999999999989,1.91
2035,SRP,142.76,3.42,272.7,3.81,284.5400000000009,3.17
2035,SWPP,324.04,0.89,780.87,1.55,1172.4000000000015,1.96
2035,TAL,11.28,3.37,18.79,3.73,1.080000000000041,0.17
2035,TEC,94.92,3.6,145.11,3.73,165.34000000000015,3.62
2035,TEPC,70.7,3.56,127.28,3.99,120.15000000000009,3.04
2035,TIDC,6.31,1.6,14.43,2.46,8.580000000000041,1.12
2035,TPWR,8.9,1.34,5.95,0.64,8.110000000000127,0.72
2035,TVA,536.02,2.63,938.42,3.18,745.4700000000012,2.11
2035,WACM,68.46,1.8,120.22,2.49,157.1200000000008,2.79
2035,WALC,24.14,1.9,37.44,2.16,44.429999999999836,2.19
2035,WAUW,3.22,3.21,5.98,4.38,9.5,5.61
2040,AEC,19.95,3.34,38.47,4.12,45.710000000000036,4.17
2040,AECI,66.55,2.46,97.42,2.21,9.829999999999927,0.19
2040,AVA,23.91,1.4,21.77,0.94,36.01000000000022,1.33
2040,AZPS,82.53,1.78,159.78,2.15,176.92000000000007,1.94
2040,BANC,26.96,1.0,60.57,1.52,41.279999999999745,0.72
2040,BPAT,100.76,1.3,79.7,0.83,52.31999999999971,0.45
2040,CHPD,3.33,1.34,3.36,0.84,7.3799999999999955,1.5
2040,CISO,269.79,0.76,568.25,1.19,501.2699999999968,0.84
2040,CPLE,202.16,2.76,378.89,3.55,315.0699999999997,2.47
2040,DOPD,3.05,1.33,3.48,1.1,1.2299999999999613,0.32
2040,DUK,367.77,2.85,703.1,3.86,957.3300000000017,4.33
2040,EPE,18.39,1.53,38.48,2.13,38.36999999999989,1.76
2040,ERCO,1011.48,2.36,1753.61,2.68,1872.8399999999965,2.38
2040,FMPP,74.83,3.36,128.56,3.88,125.75,3.34
2040,FPC,230.38,3.43,417.02,3.99,408.71999999999935,3.41
2040,FPL,538.59,3.5,896.32,3.93,1137.0600000000013,4.4
2040,GCPD,8.37,1.09,15.87,1.67,19.62000000000012,1.77
2040,GVL,9.22,3.63,18.23,4.74,22.350000000000023,4.84
2040,HST,2.56,3.76,3.84,3.86,5.209999999999994,4.83
2040,IID,8.19,1.42,13.88,1.36,2.6299999999998818,0.2
2040,IPCO,56.07,2.16,116.07,2.99,171.65999999999985,3.48
2040,ISNE,366.37,2.23,359.62,1.6,1254.390000000003,4.46
2040,JEA,52.45,3.26,88.63,3.71,147.03999999999996,4.97
2040,LDWP,44.18,1.0,88.79,1.41,175.40999999999894,2.12
2040,LGEE,155.77,4.13,274.25,5.14,244.75,3.74
2040,MISO,1163.78,1.4,2257.07,2.08,2895.0399999999936,2.31
2040,NEVP,154.25,2.65,281.72,3.06,429.6800000000003,3.82
2040,NSB,2.01,3.86,3.75,4.42,3.6400000000000006,3.51
2040,NWMT,35.94,2.85,53.46,3.41,83.51999999999998,4.5
2040,NYIS,322.54,1.7,317.85,1.21,1343.199999999997,4.14
2040,PACE,83.62,1.04,140.44,1.32,143.64000000000124,1.13
2040,PACW,42.33,1.46,62.35,1.68,88.38000000000011,2.03
2040,PGE,55.93,1.96,92.68,2.47,136.92000000000007,3.02
2040,PJM,2665.49,2.69,5081.33,3.66,2721.779999999999,1.62
2040,PNM,17.13,0.75,30.72,0.98,5.480000000000018,0.15
2040,PSCO,50.93,0.74,128.93,1.4,57.54000000000087,0.53
2040,PSEI,44.06,1.05,24.46,0.44,19.850000000000364,0.3
2040,SC,125.44,3.7,253.91,5.25,138.82999999999993,2.4
2040,SCEG,128.08,3.64,259.84,5.25,143.8699999999999,2.41
2040,SCL,14.24,1.03,10.38,0.57,4.8400000000001455,0.24
2040,SEC,5.03,3.08,7.23,2.96,2.759999999999991,0.88
2040,SOCO,898.32,3.12,1725.27,4.11,1839.260000000002,3.74
2040,SPA,1.29,1.6,1.79,1.66,2.799999999999997,2.26
2040,SRP,80.91,1.8,153.8,2.08,149.82999999999993,1.69
2040,SWPP,419.4,1.19,492.38,0.9,102.83999999999651,0.16
2040,TAL,10.88,3.16,19.18,3.7,17.200000000000045,2.68
2040,TEC,91.58,3.41,150.84,3.8,151.47000000000025,3.35
2040,TEPC,40.59,1.93,82.71,2.48,56.11000000000058,1.38
2040,TIDC,3.33,0.81,6.97,1.16,8.149999999999977,1.01
2040,TPWR,6.7,0.99,4.4,0.48,0.9100000000000819,0.08
2040,TVA,607.6,2.9,1084.29,3.6,1051.1500000000015,2.9
2040,WACM,25.88,0.62,44.99,0.87,119.80000000000018,2.04
2040,WALC,11.98,0.88,19.81,1.09,19.38000000000011,0.93
2040,WAUW,2.36,2.28,4.19,2.91,3.920000000000016,2.19
2045,AEC,21.05,3.57,39.84,4.51,8.9699999999998,0.83
2045,AECI,81.45,3.06,78.4,1.81,44.81999999999971,0.81
2045,AVA,14.95,0.83,19.47,0.8,8.5300000000002,0.31
2045,AZPS,70.95,1.43,135.41,1.75,62.77000000000044,0.62
2045,BANC,36.95,1.51,44.11,1.06,50.659999999999854,0.93
2045,BPAT,59.96,0.73,93.33,0.92,88.18000000000029,0.72
2045,CHPD,3.17,1.19,5.41,1.29,9.370000000000005,1.62
2045,CISO,409.84,1.26,365.31,0.75,447.90000000000146,0.73
2045,CPLE,234.82,3.15,446.7,4.05,485.1700000000001,3.58
2045,DOPD,2.75,1.11,5.22,1.55,5.580000000000041,1.22
2045,DUK,395.43,3.03,750.97,4.04,832.489999999998,3.57
2045,EPE,16.67,1.49,21.26,1.14,14.63000000000011,0.64
2045,ERCO,603.16,1.49,532.75,0.8,42.55999999999767,0.06
2045,FMPP,71.74,3.18,115.27,3.44,96.43000000000029,2.56
2045,FPC,225.32,3.31,376.23,3.55,351.5100000000002,2.86
2045,FPL,516.28,3.3,838.76,3.63,886.7199999999975,3.42
2045,GCPD,4.57,0.57,8.89,0.9,7.119999999999891,0.63
2045,GVL,8.84,3.45,16.36,4.22,10.090000000000032,2.19
2045,HST,2.55,3.69,3.72,3.66,4.320000000000007,3.85
2045,IID,8.68,1.58,15.93,1.52,4.190000000000055,0.3
2045,IPCO,38.04,1.34,101.11,2.5,127.4399999999996,2.52
2045,ISNE,646.66,3.84,600.7,2.44,580.5800000000017,1.89
2045,JEA,51.5,3.13,96.38,3.97,104.36000000000013,3.71
2045,LDWP,59.09,1.43,85.2,1.33,13.020000000000437,0.16
2045,LGEE,181.43,4.71,355.04,6.5,366.59999999999945,5.75
2045,MISO,1065.56,1.32,898.97,0.78,1738.270000000004,1.32
2045,NEVP,112.66,1.83,205.43,2.13,179.35000000000036,1.46
2045,NSB,1.9,3.62,3.44,4.0,2.3500000000000085,2.32
2045,NWMT,23.9,1.79,39.77,2.39,64.24000000000001,3.35
2045,NYIS,656.45,3.42,633.6,2.19,652.6500000000015,1.89
2045,PACE,56.07,0.67,85.42,0.77,64.81999999999971,0.48
2045,PACW,25.27,0.82,52.99,1.37,58.710000000000036,1.33
2045,PGE,36.22,1.21,84.17,2.15,136.7400000000007,2.79
2045,PJM,1515.47,1.45,2912.06,1.99,1820.75,1.07
2045,PNM,24.99,1.09,31.61,0.97,16.91000000000031,0.42
2045,PSCO,143.56,2.16,153.56,1.57,87.8700000000008,0.71
2045,PSEI,29.85,0.68,40.82,0.71,61.650000000000546,0.92
2045,SC,133.69,3.92,239.19,4.86,322.5100000000002,5.44
2045,SCEG,140.05,3.95,250.07,4.98,310.28999999999996,5.11
2045,SCL,8.42,0.58,11.9,0.64,12.75,0.6
2045,SEC,4.63,2.79,6.96,2.82,2.5,0.78
2045,SOCO,970.83,3.36,1833.15,4.49,2156.1500000000015,4.62
2045,SPA,1.43,1.77,1.72,1.55,1.9699999999999989,1.56
2045,SRP,69.79,1.45,129.2,1.68,39.19000000000051,0.4
2045,SWPP,1062.6,3.06,1037.55,1.85,1440.7200000000012,2.16
2045,TAL,12.09,3.43,23.19,4.45,34.23000000000002,5.54
2045,TEC,89.34,3.31,135.46,3.36,100.59000000000015,2.17
2045,TEPC,34.7,1.52,69.09,1.98,32.410000000000764,0.73
2045,TIDC,5.47,1.49,6.31,0.99,7.2000000000000455,0.88
2045,TPWR,5.05,0.7,7.88,0.82,10.549999999999955,0.94
2045,TVA,639.41,3.03,1218.75,4.1,1287.9099999999962,3.7
2045,WACM,92.14,2.2,83.67,1.53,75.13000000000011,1.16
2045,WALC,10.42,0.82,12.07,0.65,7.389999999999873,0.33
2045,WAUW,1.61,1.42,3.74,2.42,3.430000000000007,1.8
2050,AEC,20.36,3.22,43.09,4.55,23.2199999999998,2.05
2050,AECI,164.5,5.91,195.01,4.32,192.83999999999924,3.41
2050,AVA,34.03,1.83,46.01,1.89,63.679999999999836,2.25
2050,AZPS,72.44,1.54,107.3,1.33,61.44999999999891,0.62
2050,BANC,52.04,2.12,39.83,0.96,21.1899999999996,0.36
2050,BPAT,140.38,1.69,174.11,1.7,307.6800000000003,2.43
2050,CHPD,5.84,2.09,10.91,2.71,13.669999999999959,2.5
2050,CISO,593.78,1.81,330.4,0.66,511.820000000007,0.78
2050,CPLE,243.38,3.2,488.87,4.36,594.1399999999994,4.49
2050,DOPD,4.69,1.95,7.09,2.15,12.150000000000034,2.76
2050,DUK,422.8,3.13,943.88,4.92,1194.4500000000007,5.11
2050,EPE,26.56,2.38,27.81,1.42,15.460000000000036,0.65
2050,ERCO,1149.3,2.74,1276.32,1.85,2556.770000000004,3.17
2050,FMPP,79.59,3.41,144.37,4.24,135.69999999999982,3.5
2050,FPC,252.09,3.53,502.2,4.61,505.15999999999985,4.04
2050,FPL,561.92,3.5,977.03,4.15,962.630000000001,3.65
2050,GCPD,13.04,1.75,7.82,0.77,9.079999999999927,0.79
2050,GVL,9.81,3.69,18.44,4.61,19.04000000000002,3.86
2050,HST,2.59,3.74,3.69,3.61,4.349999999999994,3.91
2050,IID,9.27,1.81,13.13,1.22,8.6099999999999,0.63
2050,IPCO,39.72,1.48,58.2,1.42,50.07000000000062,0.96
2050,ISNE,1181.43,6.82,1256.76,4.93,1554.4100000000035,4.86
2050,JEA,58.38,3.38,110.27,4.4,67.85000000000036,2.34
2050,LDWP,78.11,1.91,66.47,1.01,109.27000000000044,1.18
2050,LGEE,145.6,3.6,339.34,5.93,281.75,4.07
2050,MISO,2337.1,2.83,1866.3,1.57,3544.50999999998,2.58
2050,NEVP,90.52,1.41,176.48,1.8,127.11000000000058,1.05
2050,NSB,2.26,4.07,4.65,5.3,6.590000000000003,6.41
2050,NWMT,13.52,0.98,21.56,1.29,18.180000000000064,0.93
2050,NYIS,1056.77,5.45,1107.73,3.78,1540.2099999999991,4.3
2050,PACE,182.42,2.19,114.22,0.98,234.75,1.69
2050,PACW,46.33,1.53,40.13,1.05,4.710000000000036,0.1
2050,PGE,44.93,1.5,62.04,1.61,27.23999999999978,0.53
2050,PJM,1594.83,1.58,2261.84,1.54,80.20000000001164,0.05
2050,PNM,48.39,2.08,33.27,0.96,27.98999999999978,0.67
2050,PSCO,354.28,5.05,348.43,3.38,412.15999999999985,3.21
2050,PSEI,86.39,1.9,125.87,2.2,165.54999999999927,2.43
2050,SC,131.56,3.76,269.03,5.35,354.0,6.0
2050,SCEG,138.08,3.82,280.35,5.47,416.5799999999999,6.89
2050,SCL,29.26,1.94,42.54,2.29,19.799999999999727,0.93
2050,SEC,5.13,3.01,6.55,2.61,1.579999999999984,0.48
2050,SOCO,957.46,3.13,2349.48,5.49,2988.779999999999,5.97
2050,SPA,3.86,4.58,4.98,4.25,5.139999999999986,3.87
2050,SRP,69.25,1.53,100.99,1.26,31.38000000000102,0.32
2050,SWPP,1679.7,4.65,1466.78,2.56,2120.0699999999924,3.06
2050,TAL,12.59,3.41,27.59,5.11,48.41999999999996,7.49
2050,TEC,95.65,3.44,169.09,4.1,205.51000000000022,4.34
2050,TEPC,35.84,1.59,59.81,1.66,28.25999999999931,0.66
2050,TIDC,7.53,2.04,6.38,0.99,3.8899999999999864,0.45
2050,TPWR,14.92,1.99,22.48,2.36,27.75999999999999,2.43
2050,TVA,655.96,2.91,1623.61,5.14,1785.4599999999991,4.68
2050,WACM,209.18,4.74,184.51,3.24,203.97000000000025,3.05
2050,WALC,20.87,1.62,19.03,0.99,38.17000000000007,1.78
2050,WAUW,1.99,1.75,2.9,1.89,2.710000000000008,1.41
2055,AEC,29.04,4.77,55.45,5.94,22.019999999999982,1.73
2055,AECI,181.13,6.22,179.3,3.94,288.09999999999945,5.04
2055,AVA,72.41,3.78,87.03,3.45,8.13000000000011,0.27
2055,AZPS,86.41,1.89,99.89,1.22,100.05000000000109,0.97
2055,BANC,76.83,3.1,72.97,1.65,58.410000000000764,0.99
2055,BPAT,341.19,4.02,419.73,3.98,617.8499999999985,4.99
2055,CHPD,11.98,4.2,22.13,5.47,25.409999999999968,4.97
2055,CISO,1045.47,3.06,1076.17,2.04,841.0599999999977,1.28
2055,CPLE,334.28,4.48,541.64,4.81,153.64999999999964,1.11
2055,DOPD,9.83,3.94,14.48,4.27,24.78000000000003,5.98
2055,DUK,545.47,4.1,1014.88,5.28,1077.0399999999972,4.71
2055,EPE,69.15,5.65,87.26,4.08,118.30000000000018,4.59
2055,ERCO,2805.66,6.16,3334.48,4.68,3915.0599999999977,4.68
2055,FMPP,74.43,3.28,100.52,3.08,122.5300000000002,3.33
2055,FPC,259.33,3.78,389.32,3.76,400.4200000000001,3.38
2055,FPL,531.45,3.38,706.28,3.14,1113.8999999999978,4.39
2055,GCPD,31.73,4.06,27.41,2.56,27.5,2.27
2055,GVL,11.3,4.45,18.23,4.81,20.760000000000048,4.58
2055,HST,2.56,3.71,2.84,2.88,3.2700000000000102,3.04
2055,IID,14.33,2.49,30.1,2.71,11.569999999999936,0.83
2055,IPCO,85.81,3.33,49.86,1.14,28.279999999999745,0.52
2055,ISNE,1740.7,9.45,1964.78,7.47,2589.2999999999993,8.17
2055,JEA,63.97,3.94,96.98,4.09,156.4000000000001,5.57
2055,LDWP,127.0,2.96,148.91,2.12,192.02000000000044,2.2
2055,LGEE,107.62,2.63,206.55,3.65,34.76000000000022,0.51
2055,MISO,4103.28,4.67,3895.09,3.17,4700.619999999995,3.33
2055,NEVP,101.31,1.81,90.19,0.9,35.75,0.3
2055,NSB,2.28,4.36,3.44,4.11,3.9399999999999977,4.08
2055,NWMT,51.37,3.61,40.31,2.28,6.0099999999997635,0.29
2055,NYIS,1486.57,7.37,1595.63,5.43,2121.75,5.93
2055,PACE,434.04,4.91,407.09,3.33,621.1599999999999,4.24
2055,PACW,106.58,3.49,85.71,2.12,94.5,1.97
2055,PGE,99.73,3.29,70.0,1.69,64.46000000000004,1.22
2055,PJM,2088.14,2.15,1261.2,0.86,1225.390000000014,0.69
2055,PNM,124.21,4.96,89.59,2.41,94.27999999999975,2.18
2055,PSCO,488.35,6.59,394.13,3.63,652.8099999999995,4.96
2055,PSEI,188.21,4.03,267.45,4.58,264.5500000000002,3.89
2055,SC,179.38,5.15,331.5,6.47,356.4499999999998,5.86
2055,SCEG,195.11,5.37,360.44,6.9,460.03999999999996,7.45
2055,SCL,64.54,4.2,90.56,4.78,75.88000000000011,3.53
2055,SEC,5.36,3.2,7.4,2.99,2.349999999999966,0.78
2055,SOCO,1401.72,4.72,2759.94,6.47,3318.3099999999977,6.75
2055,SPA,4.69,5.2,6.25,4.98,7.390000000000015,5.15
2055,SRP,84.03,1.9,104.95,1.29,91.34000000000015,0.9
2055,SWPP,2337.63,6.1,1745.27,2.93,2030.8999999999942,2.94
2055,TAL,13.81,3.92,25.58,4.93,36.05000000000007,5.88
2055,TEC,94.68,3.46,137.22,3.51,115.47000000000025,2.61
2055,TEPC,39.0,1.83,48.25,1.34,7.5900000000001455,0.17
2055,TIDC,11.79,3.07,13.72,2.06,20.069999999999936,2.38
2055,TPWR,32.4,4.25,49.52,5.13,50.12000000000012,4.49
2055,TVA,682.72,3.11,1361.76,4.43,647.8700000000026,1.74
2055,WACM,321.2,6.81,267.44,4.43,261.0,3.79
2055,WALC,40.24,3.01,41.57,2.14,47.94999999999982,2.15
2055,WAUW,4.41,3.92,2.7,1.62,2.430000000000007,1.16
2060,AEC,17.3,2.89,16.02,1.56,1.7899999999999636,0.15
2060,AECI,234.65,7.64,185.98,3.26,257.7699999999995,3.83
2060,AVA,138.56,6.87,206.79,7.79,193.30000000000018,6.02
2060,AZPS,107.86,2.35,111.2,1.26,65.44000000000051,0.59
2060,BANC,153.73,5.91,165.21,3.41,289.9200000000001,4.28
2060,BPAT,643.5,7.23,887.91,7.76,1393.5499999999993,9.29
2060,CHPD,20.8,6.89,44.65,9.52,61.969999999999914,9.09
2060,CISO,2220.4,6.14,2537.58,4.41,3142.6699999999983,4.16
2060,CPLE,247.29,3.16,368.3,3.03,397.22000000000116,2.8
2060,DOPD,17.98,6.83,33.89,9.14,55.349999999999966,11.06
2060,DUK,379.45,2.71,639.01,3.06,537.7900000000009,2.15
2060,EPE,157.19,11.41,239.34,9.82,314.1199999999999,10.78
2060,ERCO,6512.06,12.72,9529.83,11.39,11628.470000000001,12.01
2060,FMPP,85.45,3.61,138.87,3.98,176.67999999999984,4.34
2060,FPC,290.91,4.04,523.65,4.67,600.7800000000007,4.52
2060,FPL,600.97,3.69,925.04,3.84,1605.140000000003,5.88
2060,GCPD,55.44,6.83,52.25,4.9,77.19999999999982,6.14
2060,GVL,11.09,4.18,19.99,4.87,27.08000000000004,5.46
2060,HST,2.73,3.87,3.21,3.08,3.0799999999999983,2.67
2060,IID,32.99,5.52,68.7,5.58,90.68000000000006,5.59
2060,IPCO,201.82,7.29,200.3,4.24,320.2699999999995,5.2
2060,ISNE,2230.49,11.48,2766.94,9.46,4301.340000000004,12.1
2060,JEA,62.14,3.65,109.95,4.37,129.51000000000022,4.12
2060,LDWP,258.37,5.76,317.8,4.09,609.6000000000004,6.18
2060,LGEE,130.97,3.37,107.8,1.74,110.19999999999982,1.45
2060,MISO,8419.3,8.97,10204.47,7.5,12779.610000000015,8.15
2060,NEVP,228.32,3.95,256.31,2.33,418.0799999999999,3.1
2060,NSB,2.42,4.4,4.16,4.63,4.3999999999999915,4.01
2060,NWMT,145.54,9.45,159.05,8.19,158.86000000000013,6.8
2060,NYIS,1700.45,8.19,2138.45,6.59,3293.1100000000006,8.26
2060,PACE,942.64,9.78,1071.33,7.87,1139.8500000000004,7.13
2060,PACW,210.52,6.56,221.85,5.19,223.48999999999978,4.33
2060,PGE,194.98,6.13,191.55,4.39,238.53999999999996,3.89
2060,PJM,5311.71,5.28,6346.5,3.87,9588.979999999981,4.88
2060,PNM,246.08,8.94,280.45,6.57,354.9299999999994,7.18
2060,PSCO,906.28,10.91,995.36,7.83,1059.7600000000002,6.89
2060,PSEI,328.42,6.79,513.6,8.24,665.1900000000005,8.61
2060,SC,104.22,2.84,159.05,2.85,117.44999999999982,1.77
2060,SCEG,101.35,2.67,157.18,2.76,78.93000000000029,1.16
2060,SCL,111.89,7.04,169.21,8.35,208.75,8.33
2060,SEC,5.11,3.02,7.61,3.02,12.879999999999995,4.33
2060,SOCO,724.71,2.42,928.87,1.96,995.6300000000047,1.83
2060,SPA,6.22,6.81,7.74,6.05,10.650000000000006,7.18
2060,SRP,106.08,2.4,125.49,1.44,15.850000000000364,0.15
2060,SWPP,3523.27,8.39,4165.73,5.9,5189.110000000001,6.47
2060,TAL,13.43,3.71,23.69,4.27,29.43999999999994,4.42
2060,TEC,106.8,3.8,167.23,3.96,177.1300000000001,3.7
2060,TEPC,52.07,2.37,60.32,1.52,37.720000000000255,0.79
2060,TIDC,25.09,6.2,31.09,4.28,59.77999999999997,6.11
2060,TPWR,56.68,7.18,90.91,8.73,103.49000000000001,7.95
2060,TVA,539.37,2.51,474.44,1.41,96.08999999999651,0.24
2060,WACM,601.83,11.56,629.09,8.94,821.1400000000003,10.05
2060,WALC,81.01,5.74,98.39,4.71,111.2800000000002,4.68
2060,WAUW,12.52,9.74,13.23,7.04,17.160000000000025,7.4
2065,AEC,37.21,5.83,50.44,4.75,217.5200000000002,12.45
2065,AECI,271.41,7.99,258.96,4.65,964.0299999999997,13.42
2065,AVA,194.61,9.12,276.55,9.81,138.73000000000002,4.12
2065,AZPS,128.04,2.62,127.01,1.4,63.22999999999956,0.55
2065,BANC,239.46,8.35,321.81,5.97,460.5600000000004,6.54
2065,BPAT,920.18,9.79,1303.1,10.99,1922.42,13.29
2065,CHPD,29.17,9.21,57.63,12.4,80.47000000000003,13.22
2065,CISO,3357.57,8.69,4100.14,6.66,5555.179999999993,7.07
2065,CPLE,257.0,3.36,265.7,2.2,1117.2000000000007,7.02
2065,DOPD,24.85,8.93,43.26,11.27,54.93000000000001,12.11
2065,DUK,437.77,3.28,432.6,2.13,1510.0299999999988,5.92
2065,EPE,241.06,15.73,369.39,14.39,441.2600000000002,14.05
2065,ERCO,9942.71,17.48,14220.91,15.91,17805.100000000006,17.26
2065,FMPP,84.67,3.52,139.85,4.02,7.7599999999997635,0.19
2065,FPC,292.56,3.99,503.53,4.52,324.4200000000001,2.29
2065,FPL,590.55,3.53,989.62,4.12,1122.8199999999997,4.08
2065,GCPD,76.14,8.95,78.07,6.93,87.04999999999995,6.63
2065,GVL,11.41,4.18,18.89,4.64,15.009999999999991,2.95
2065,HST,2.79,3.82,3.71,3.55,4.599999999999994,4.03
2065,IID,47.86,7.53,100.72,7.67,143.9000000000001,8.63
2065,IPCO,298.94,9.85,314.53,6.11,421.1999999999998,6.55
2065,ISNE,2257.83,11.18,2481.68,8.43,3967.5499999999956,11.03
2065,JEA,63.73,3.61,110.99,4.36,143.30000000000018,3.54
2065,LDWP,386.93,8.05,520.28,6.32,623.2200000000012,5.98
2065,LGEE,363.81,8.63,428.3,6.8,583.1999999999998,7.66
2065,MISO,14659.48,14.22,18027.05,12.61,20162.179999999993,12.4
2065,NEVP,326.44,5.35,435.14,3.77,578.0299999999988,4.09
2065,NSB,2.48,4.39,4.05,4.51,4.570000000000007,3.62
2065,NWMT,214.53,12.75,238.58,11.17,259.98,10.16
2065,NYIS,1745.18,8.17,1881.31,5.84,2875.850000000006,7.43
2065,PACE,1396.01,13.32,1653.09,11.18,1997.3200000000015,11.49
2065,PACW,309.37,9.13,326.3,7.38,306.2399999999998,5.84
2065,PGE,292.24,8.71,285.02,6.21,307.6899999999996,5.08
2065,PJM,11709.2,10.71,15540.1,9.3,19979.23000000001,10.1
2065,PNM,364.29,11.87,415.92,9.06,529.0100000000002,9.73
2065,PSCO,1189.74,13.06,1248.81,9.13,1742.5400000000009,10.49
2065,PSEI,450.62,8.97,681.99,10.66,829.7400000000007,10.67
2065,SC,128.15,3.6,137.51,2.47,553.8999999999996,7.58
2065,SCEG,125.8,3.43,136.54,2.41,538.75,7.71
2065,SCL,151.5,9.23,220.02,10.68,286.19000000000005,11.57
2065,SEC,5.25,2.97,7.51,2.83,9.730000000000018,2.25
2065,SOCO,1377.13,4.66,1486.18,3.2,5766.57,9.85
2065,SPA,8.22,8.21,11.05,7.99,20.080000000000013,11.97
2065,SRP,121.03,2.6,128.05,1.43,41.76000000000022,0.38
2065,SWPP,4810.59,10.57,4996.8,6.83,9041.869999999995,10.64
2065,TAL,13.8,3.74,21.68,3.98,22.819999999999936,2.85
2065,TEC,107.06,3.69,178.23,4.25,174.0699999999997,3.66
2065,TEPC,60.76,2.66,63.09,1.58,53.159999999999854,1.06
2065,TIDC,39.71,8.97,57.89,7.29,81.84000000000003,8.08
2065,TPWR,77.81,9.47,121.07,11.27,145.3900000000001,11.17
2065,TVA,1462.13,6.54,1515.34,4.4,5054.980000000003,11.99
2065,WACM,842.77,14.63,862.89,11.37,1054.5900000000001,11.93
2065,WALC,117.74,7.77,151.69,6.8,173.33000000000038,6.6
2065,WAUW,19.61,13.74,21.66,10.29,27.32000000000002,10.82
2070,AEC,49.66,8.04,65.96,5.95,83.09999999999991,6.43
2070,AECI,267.9,8.19,230.83,3.76,394.1800000000003,5.14
2070,AVA,227.16,10.58,301.29,10.29,374.8600000000001,10.61
2070,AZPS,193.41,3.97,165.03,1.78,335.9400000000005,2.8
2070,BANC,283.99,9.64,383.42,6.96,629.9400000000005,8.43
2070,BPAT,1076.0,11.3,1410.9,11.33,2290.790000000001,14.49
2070,CHPD,33.32,10.47,65.71,13.79,95.91999999999996,14.01
2070,CISO,4126.36,10.38,5327.74,8.46,8330.040000000008,10.54
2070,CPLE,311.45,4.29,272.73,2.15,589.3500000000004,3.9
2070,DOPD,27.55,10.11,42.02,10.73,61.94999999999999,12.45
2070,DUK,562.66,4.36,462.56,2.14,271.27999999999884,1.05
2070,EPE,297.66,18.19,447.52,16.17,674.8400000000001,18.88
2070,ERCO,12812.74,21.1,18933.52,19.45,23046.130000000005,20.57
2070,FMPP,56.61,2.36,95.08,2.68,98.35000000000036,2.47
2070,FPC,218.86,2.95,418.13,3.65,335.02000000000044,2.62
2070,FPL,386.44,2.3,632.2,2.58,912.760000000002,3.35
2070,GCPD,88.05,10.23,98.78,8.45,111.70000000000005,8.39
2070,GVL,10.08,3.62,20.68,4.87,28.17999999999995,5.62
2070,HST,2.03,2.83,2.08,1.96,1.6200000000000045,1.38
2070,IID,59.42,9.12,126.59,9.54,129.56999999999994,7.52
2070,IPCO,371.28,11.86,456.5,8.49,634.8100000000004,9.81
2070,ISNE,2462.04,11.99,2792.4,8.9,3803.470000000001,10.12
2070,JEA,48.86,2.83,83.71,3.21,39.159999999999854,1.28
2070,LDWP,474.07,9.53,684.59,8.07,946.1499999999996,9.05
2070,LGEE,571.28,13.37,742.96,10.94,938.8000000000002,11.18
2070,MISO,18477.7,17.3,23639.12,15.38,29850.959999999992,16.87
2070,NEVP,547.26,8.4,761.77,6.45,1015.539999999999,7.28
2070,NSB,2.0,3.5,3.63,3.96,2.0,1.87
2070,NWMT,305.42,17.56,351.44,15.49,370.00999999999976,13.76
2070,NYIS,2102.71,9.76,2380.63,7.09,3667.810000000005,9.07
2070,PACE,1804.72,16.45,2214.49,14.28,2697.050000000003,14.66
2070,PACW,375.78,10.86,426.62,9.0,604.1999999999998,10.8
2070,PGE,347.96,10.13,352.18,6.99,560.9499999999998,8.53
2070,PJM,16898.45,15.21,23292.81,13.26,30505.25999999998,14.36
2070,PNM,437.01,13.55,491.63,10.14,759.25,12.95
2070,PSCO,1507.12,15.69,1755.21,12.01,2159.7999999999993,11.94
2070,PSEI,520.34,10.19,764.06,11.64,1076.6000000000004,13.3
2070,SC,153.92,4.51,138.73,2.34,207.73999999999978,3.02
2070,SCEG,155.24,4.37,145.71,2.4,144.48999999999978,2.04
2070,SCL,177.97,10.64,261.37,12.44,327.85000000000036,12.97
2070,SEC,3.69,2.28,3.95,1.53,0.4300000000000068,0.15
2070,SOCO,1858.62,6.39,2066.6,4.15,2422.1300000000047,4.12
2070,SPA,8.11,8.13,9.88,6.93,12.919999999999987,7.77
2070,SRP,188.11,4.03,189.92,2.07,322.5699999999997,2.79
2070,SWPP,5684.87,11.93,6975.26,8.8,8885.839999999997,9.46
2070,TAL,11.27,3.01,22.12,3.86,26.83000000000004,3.95
2070,TEC,73.34,2.54,109.09,2.55,80.70000000000073,1.7
2070,TEPC,80.55,3.57,70.01,1.71,179.23999999999978,3.44
2070,TIDC,47.81,10.5,70.18,8.69,113.74000000000001,10.85
2070,TPWR,90.02,10.82,141.5,12.96,176.58000000000015,12.97
2070,TVA,1880.92,8.62,2223.48,6.17,2951.5800000000017,6.82
2070,WACM,1064.1,17.56,1187.85,14.66,1542.9099999999999,16.29
2070,WALC,152.96,9.87,192.12,8.6,230.19000000000005,8.87
2070,WAUW,26.86,18.25,33.78,14.97,38.25000000000003,14.3
2075,AEC,60.96,9.68,64.83,5.95,73.10000000000014,5.55
2075,AECI,343.21,10.11,213.13,3.61,225.44999999999982,3.08
2075,AVA,253.42,11.7,317.76,11.26,221.0600000000004,6.46
2075,AZPS,200.19,4.04,202.63,2.12,452.1299999999992,3.78
2075,BANC,319.35,11.02,431.64,8.12,691.2800000000007,10.13
2075,BPAT,1220.21,12.74,1443.46,12.1,2548.7699999999986,17.38
2075,CHPD,37.32,11.77,73.54,16.13,98.17999999999995,15.29
2075,CISO,4700.04,11.78,6084.35,9.64,8743.309999999998,11.39
2075,CPLE,480.96,6.49,402.84,3.24,488.35000000000036,3.24
2075,DOPD,30.93,11.34,43.97,11.89,74.58999999999997,16.19
2075,DUK,819.29,6.25,680.11,3.21,682.5600000000013,2.65
2075,EPE,359.17,21.0,584.97,20.04,765.6299999999997,21.19
2075,ERCO,15257.09,24.31,22674.69,22.55,28000.97,23.84
2075,FMPP,79.33,3.39,109.56,3.14,125.30000000000018,3.17
2075,FPC,303.98,4.24,484.93,4.34,410.25,3.15
2075,FPL,555.5,3.39,807.56,3.34,422.52000000000044,1.55
2075,GCPD,98.45,11.34,104.09,8.94,115.35000000000014,8.74
2075,GVL,12.35,4.55,20.26,4.96,24.589999999999975,4.87
2075,HST,2.71,3.79,3.0,2.84,4.009999999999991,3.44
2075,IID,65.3,9.65,155.63,11.51,212.68999999999983,12.47
2075,IPCO,406.06,12.96,448.72,8.31,522.9099999999999,7.6
2075,ISNE,2623.97,12.65,2697.89,8.46,3883.529999999999,9.87
2075,JEA,71.72,4.13,110.77,4.38,106.30000000000018,3.56
2075,LDWP,530.31,10.65,769.99,8.94,1333.3900000000012,12.24
2075,LGEE,742.57,17.55,900.74,13.61,962.5400000000009,12.44
2075,MISO,22261.34,20.4,28578.11,17.75,34032.630000000005,18.36
2075,NEVP,606.91,9.26,953.15,7.99,1418.5599999999995,9.89
2075,NSB,2.74,4.96,4.05,4.53,4.63000000000001,4.31
2075,NWMT,342.59,19.33,371.98,16.48,449.4699999999998,16.82
2075,NYIS,2190.87,10.17,2239.19,6.48,3316.800000000003,8.0
2075,PACE,2020.82,18.0,2529.96,15.84,3335.0499999999993,17.63
2075,PACW,440.11,12.74,430.3,9.24,486.75,8.88
2075,PGE,408.96,11.76,359.84,7.26,561.7600000000002,8.81
2075,PJM,21169.74,19.01,28937.86,16.09,36027.630000000005,16.84
2075,PNM,537.27,16.17,651.77,12.77,892.8299999999999,14.73
2075,PSCO,1854.76,18.64,2338.07,15.06,3148.9000000000015,16.42
2075,PSEI,590.75,11.41,855.46,13.22,1065.0500000000002,13.38
2075,SC,240.07,6.77,221.82,3.83,261.3099999999995,3.69
2075,SCEG,240.43,6.56,233.8,3.96,390.5799999999999,5.39
2075,SCL,200.03,11.78,290.02,13.89,356.74000000000024,14.0
2075,SEC,5.66,3.4,5.5,2.16,8.639999999999986,2.83
2075,SOCO,2479.78,8.34,2435.46,4.98,1923.260000000002,3.24
2075,SPA,10.43,10.24,12.28,8.46,13.550000000000011,7.93
2075,SRP,184.18,3.93,214.72,2.28,468.40999999999985,3.98
2075,SWPP,6788.08,14.1,7996.67,10.13,9954.190000000002,10.8
2075,TAL,14.86,4.09,25.4,4.59,17.610000000000014,2.54
2075,TEC,104.66,3.69,144.6,3.42,103.78999999999996,2.13
2075,TEPC,86.1,3.73,100.4,2.38,200.14000000000033,3.89
2075,TIDC,54.13,12.09,79.64,10.1,106.99000000000012,10.64
2075,TPWR,101.1,12.02,158.32,14.88,187.91999999999985,14.28
2075,TVA,2345.48,10.53,2306.24,6.5,3085.6300000000047,7.27
2075,WACM,1257.26,20.15,1458.48,17.14,1777.3999999999996,17.91
2075,WALC,176.75,11.44,232.25,10.29,279.7800000000002,10.82
2075,WAUW,29.94,20.15,34.47,15.27,46.109999999999985,16.61
2080,AEC,75.38,11.54,94.31,8.35,108.8900000000001,8.29
2080,AECI,394.42,11.08,348.54,5.42,358.90000000000055,4.69
2080,AVA,271.07,12.5,318.13,11.28,138.62000000000035,3.82
2080,AZPS,214.41,4.57,218.44,2.25,265.1899999999987,2.3
2080,BANC,401.63,13.76,556.05,10.39,837.1100000000006,11.5
2080,BPAT,1291.02,13.49,1438.51,12.26,1875.3600000000006,13.71
2080,CHPD,39.37,12.3,76.18,17.09,83.96000000000004,15.37
2080,CISO,5719.16,14.38,7125.75,11.49,10563.780000000013,14.08
2080,CPLE,579.68,7.71,384.83,3.12,525.3299999999999,3.54
2080,DOPD,33.1,11.97,44.18,12.03,59.139999999999986,13.28
2080,DUK,1007.01,7.55,738.55,3.43,965.0699999999997,3.68
2080,EPE,392.18,22.75,611.84,20.39,798.79,22.68
2080,ERCO,16803.81,25.94,25092.77,23.92,31623.940000000017,25.73
2080,FMPP,66.35,2.95,89.32,2.53,60.2199999999998,1.51
2080,FPC,286.86,4.17,419.33,3.69,362.6100000000006,2.81
2080,FPL,434.43,2.74,613.18,2.51,910.510000000002,3.33
2080,GCPD,101.8,11.81,97.12,8.29,115.6099999999999,8.53
2080,GVL,12.56,4.85,18.38,4.42,13.379999999999995,2.71
2080,HST,2.18,3.16,2.21,2.1,3.3999999999999915,2.95
2080,IID,83.62,12.59,174.29,13.24,238.45000000000005,14.75
2080,IPCO,444.46,13.96,495.0,8.84,719.29,10.2
2080,ISNE,3007.84,14.75,2757.41,9.11,4982.5,13.4
2080,JEA,69.94,4.26,88.74,3.5,56.940000000000055,1.84
2080,LDWP,668.08,13.42,899.19,10.79,1457.1400000000012,13.67
2080,LGEE,746.34,17.57,852.37,12.93,980.6900000000005,11.98
2080,MISO,24096.46,22.05,28885.9,18.61,34766.130000000005,19.72
2080,NEVP,747.85,11.48,1099.02,9.25,1417.1200000000008,9.92
2080,NSB,2.56,4.79,3.79,4.18,1.3999999999999915,1.28
2080,NWMT,328.11,18.45,327.56,14.04,369.0999999999999,13.04
2080,NYIS,2861.41,13.45,2878.77,8.86,4419.010000000002,11.36
2080,PACE,2265.1,19.81,2810.92,17.28,3602.4900000000016,18.93
2080,PACW,470.03,13.59,431.16,9.32,491.90999999999985,8.83
2080,PGE,419.35,12.19,316.0,6.48,417.59999999999945,6.97
2080,PJM,23423.84,21.27,29496.13,17.33,40693.40000000002,20.3
2080,PNM,617.03,18.42,748.27,14.46,954.2600000000002,16.15
2080,PSCO,1860.79,18.5,2243.63,14.23,2716.449999999997,14.59
2080,PSEI,613.39,11.89,902.1,14.11,1106.9300000000003,14.52
2080,SC,307.38,8.48,261.21,4.36,452.53999999999996,6.47
2080,SCEG,302.34,8.13,276.64,4.51,662.5599999999995,9.07
2080,SCL,208.36,12.28,306.8,14.76,331.48,14.28
2080,SEC,6.53,4.07,6.88,2.74,4.730000000000018,1.57
2080,SOCO,3073.53,9.99,3422.38,6.75,4334.220000000001,7.39
2080,SPA,12.78,12.65,14.55,10.36,18.319999999999993,11.17
2080,SRP,201.55,4.52,263.96,2.79,434.0799999999999,3.9
2080,SWPP,7180.43,14.54,8768.64,10.58,10161.12999999999,10.78
2080,TAL,16.23,4.6,22.01,3.92,19.83000000000004,2.96
2080,TEC,93.38,3.46,108.81,2.57,46.27000000000044,0.96
2080,TEPC,90.61,4.14,91.13,2.1,32.710000000000036,0.64
2080,TIDC,66.0,14.64,95.93,12.15,135.68000000000006,13.26
2080,TPWR,106.38,12.62,166.16,15.7,188.74,15.08
2080,TVA,2675.81,11.76,2666.7,7.35,4219.360000000001,9.71
2080,WACM,1291.68,20.45,1448.34,16.81,1646.7000000000007,16.84
2080,WALC,216.02,13.78,279.65,12.21,331.94000000000005,12.75
2080,WAUW,28.89,19.47,30.56,13.02,41.95999999999998,14.71
2085,AEC,104.24,16.26,121.18,11.07,154.30999999999995,12.05
2085,AECI,411.57,12.34,293.54,4.56,690.4400000000005,8.74
2085,AVA,309.24,14.03,393.71,13.42,235.96000000000004,6.69
2085,AZPS,258.18,5.37,301.55,3.08,597.880000000001,4.88
2085,BANC,485.98,16.54,696.67,12.94,1009.4199999999992,14.78
2085,BPAT,1471.7,15.29,1815.45,15.07,2860.220000000001,20.41
2085,CHPD,44.58,14.03,92.09,20.32,117.08999999999992,18.47
2085,CISO,6998.45,17.6,9063.91,14.8,12306.330000000002,16.42
2085,CPLE,827.09,10.97,885.36,6.96,1275.289999999999,8.17
2085,DOPD,37.03,13.44,58.95,15.38,100.97000000000003,20.77
2085,DUK,1481.19,11.06,1524.64,7.04,2698.0699999999997,10.1
2085,EPE,445.9,25.63,710.93,23.53,917.4899999999998,25.48
2085,ERCO,19735.49,30.1,29774.09,28.16,34353.770000000004,28.73
2085,FMPP,55.45,2.61,64.09,1.86,67.88999999999987,1.71
2085,FPC,232.17,3.56,283.16,2.52,398.5099999999984,3.05
2085,FPL,334.93,2.25,420.14,1.75,348.9500000000007,1.27
2085,GCPD,119.07,13.65,121.09,10.19,141.37999999999988,10.52
2085,GVL,10.3,4.27,13.19,3.19,10.28000000000003,2.07
2085,HST,1.82,2.69,2.26,2.16,1.8900000000000006,1.63
2085,IID,100.63,15.21,211.03,16.28,288.05999999999995,16.97
2085,IPCO,515.0,15.82,569.57,9.95,762.1000000000004,10.46
2085,ISNE,3417.19,16.86,3644.47,11.57,5359.809999999998,13.81
2085,JEA,64.71,4.22,62.85,2.46,18.110000000000127,0.6
2085,LDWP,819.5,16.48,1168.2,14.38,1560.3400000000001,15.0
2085,LGEE,798.04,19.28,949.47,14.43,1287.4900000000007,16.76
2085,MISO,28097.67,25.39,35443.03,22.06,39969.72999999998,21.98
2085,NEVP,684.13,10.56,974.76,8.11,1500.4900000000016,10.02
2085,NSB,2.26,4.52,2.75,3.06,1.230000000000004,1.14
2085,NWMT,371.84,20.45,398.24,16.9,414.73,14.67
2085,NYIS,3010.12,14.32,3267.52,9.63,3985.5699999999997,9.81
2085,PACE,2513.89,21.49,3062.37,18.37,3971.7100000000028,19.92
2085,PACW,541.98,15.68,548.31,11.75,602.8400000000001,10.92
2085,PGE,480.6,13.89,405.64,8.27,549.4899999999998,8.9
2085,PJM,24423.47,22.22,32339.43,18.25,37597.350000000006,18.58
2085,PNM,668.64,19.87,793.03,15.35,1088.3400000000001,17.64
2085,PSCO,2090.65,20.67,2456.69,15.49,3438.489999999998,17.58
2085,PSEI,705.65,13.59,1054.51,16.19,1292.199999999999,16.97
2085,SC,437.6,12.03,421.92,6.98,725.8400000000001,10.05
2085,SCEG,446.27,11.87,429.51,6.98,706.0199999999995,9.54
2085,SCL,241.8,14.24,364.38,17.37,459.48,18.16
2085,SEC,6.79,4.35,6.4,2.54,19.720000000000027,6.43
2085,SOCO,4575.38,14.89,4902.46,9.85,5761.919999999998,9.96
2085,SPA,13.87,14.0,15.94,11.22,20.45999999999998,12.54
2085,SRP,252.12,5.46,366.98,3.86,591.6599999999999,5.03
2085,SWPP,8666.65,17.68,10630.66,12.92,15468.820000000007,15.83
2085,TAL,13.6,4.11,17.52,3.19,6.67999999999995,1.02
2085,TEC,77.82,2.96,86.1,2.04,44.42000000000007,0.92
2085,TEPC,123.17,5.37,141.33,3.25,268.52000000000044,5.06
2085,TIDC,80.62,17.83,121.41,15.25,169.25,16.81
2085,TPWR,122.27,14.53,199.05,18.62,226.5999999999999,17.96
2085,TVA,3922.4,17.22,4485.89,12.52,5559.239999999998,13.21
2085,WACM,1442.97,22.71,1575.62,18.14,2039.789999999999,19.99
2085,WALC,249.66,16.01,325.61,14.38,412.84000000000015,15.34
2085,WAUW,31.96,21.06,35.38,14.98,47.94,16.59
2090,AEC,190.8,27.04,265.14,22.37,349.52,25.21
2090,AECI,545.33,15.83,440.06,7.11,704.8199999999997,9.21
2090,AVA,402.37,18.21,465.24,16.05,447.4699999999998,12.61
2090,AZPS,316.85,6.71,331.28,3.41,535.4300000000003,4.65
2090,BANC,634.57,21.46,852.6,16.07,1305.1100000000006,17.94
2090,BPAT,1929.43,19.91,2146.26,17.94,3941.4799999999996,26.51
2090,CHPD,58.2,18.4,108.57,24.93,153.46000000000004,26.59
2090,CISO,9091.04,22.7,11340.85,18.46,15892.699999999997,20.32
2090,CPLE,1325.1,16.79,1516.48,11.71,2074.3999999999996,13.45
2090,DOPD,47.22,17.36,61.24,16.52,114.95999999999998,24.48
2090,DUK,2289.74,16.56,2499.41,11.12,3549.4500000000007,13.11
2090,EPE,551.3,30.8,858.11,27.85,974.19,26.12
2090,ERCO,23938.67,35.46,35574.66,32.85,41573.11,32.69
2090,FMPP,120.56,5.72,126.66,3.6,226.16999999999962,5.63
2090,FPC,377.92,6.04,302.36,2.67,353.7600000000002,2.71
2090,FPL,713.4,4.98,809.14,3.33,710.9200000000019,2.63
2090,GCPD,153.24,17.62,157.95,13.21,178.01999999999998,13.12
2090,GVL,15.59,6.68,14.78,3.53,19.78000000000003,3.83
2090,HST,2.87,4.29,4.63,4.43,5.47999999999999,4.76
2090,IID,131.11,19.97,266.32,20.5,362.4000000000001,21.93
2090,IPCO,692.81,20.7,770.6,13.42,941.2799999999997,12.92
2090,ISNE,3978.75,19.87,4606.38,14.78,7373.310000000005,19.06
2090,JEA,115.92,7.43,102.0,3.95,115.70000000000027,3.91
2090,LDWP,1069.5,21.36,1452.45,17.67,2143.6400000000012,20.07
2090,LGEE,808.11,19.32,948.06,14.09,1294.13,16.38
2090,MISO,34932.23,30.79,45219.71,27.39,54022.70000000001,28.98
2090,NEVP,765.65,12.13,1040.78,8.74,1629.17,11.33
2090,NSB,3.38,6.84,3.57,3.93,2.980000000000004,2.82
2090,NWMT,459.05,25.09,480.36,20.74,534.9900000000002,19.2
2090,NYIS,3432.75,16.39,3999.1,11.92,5875.169999999998,14.33
2090,PACE,3123.88,25.94,3689.5,21.55,4904.720000000001,24.37
2090,PACW,719.59,20.63,685.9,14.66,764.6600000000008,13.8
2090,PGE,661.86,18.95,555.26,11.2,871.6500000000005,13.64
2090,PJM,28205.88,25.3,38750.58,21.72,50259.54999999999,24.14
2090,PNM,858.94,24.87,1011.71,19.09,1348.2800000000007,21.31
2090,PSCO,2618.84,25.34,3138.16,19.58,4420.649999999998,22.35
2090,PSEI,930.08,17.98,1261.16,19.67,1720.5599999999995,21.95
2090,SC,729.61,18.93,852.29,13.7,1067.0699999999997,14.73
2090,SCEG,739.45,18.72,878.21,13.86,1013.8100000000004,13.66
2090,SCL,316.93,18.58,445.13,21.47,577.3499999999999,23.95
2090,SEC,14.49,8.74,20.81,8.22,49.27999999999997,15.48
2090,SOCO,8101.43,24.52,10699.16,20.05,13113.699999999997,21.22
2090,SPA,18.5,18.32,23.15,16.13,23.689999999999998,14.47
2090,SRP,300.5,6.69,402.04,4.25,459.71999999999935,4.09
2090,SWPP,11320.59,22.68,13709.96,16.64,17760.58,18.17
2090,TAL,22.66,6.92,21.18,3.74,26.91999999999996,3.94
2090,TEC,142.13,5.65,146.49,3.46,174.17000000000007,3.6
2090,TEPC,142.54,6.45,132.27,3.07,136.5699999999997,2.74
2090,TIDC,103.93,22.81,148.97,18.88,211.86,20.11
2090,TPWR,159.98,18.96,238.17,22.62,318.0999999999999,23.89
2090,TVA,5788.7,24.03,7224.27,18.85,9733.369999999995,21.52
2090,WACM,1792.6,27.62,1969.52,22.48,2445.1000000000004,24.11
2090,WALC,310.34,19.69,389.89,17.16,454.90999999999985,18.0
2090,WAUW,40.1,25.99,41.91,18.19,53.94999999999999,19.0
2095,AEC,261.07,35.59,404.04,33.3,622.5899999999999,41.91
2095,AECI,682.25,19.57,506.29,8.69,640.4400000000005,8.88
2095,AVA,503.59,22.58,585.07,19.77,507.42999999999984,13.49
2095,AZPS,337.1,7.15,356.43,3.77,552.8299999999999,4.74
2095,BANC,853.47,28.24,1287.37,24.05,1767.92,25.36
2095,BPAT,2380.13,24.61,2666.54,22.12,2866.58,20.95
2095,CHPD,71.58,22.98,131.12,30.72,188.64,35.19
2095,CISO,11913.53,29.42,16308.49,26.09,21445.289999999994,27.83
2095,CPLE,1584.11,19.85,2100.97,16.32,2726.6800000000003,18.13
2095,DOPD,60.21,21.84,75.47,20.12,80.57999999999998,17.6
2095,DUK,2856.62,20.36,3471.93,15.6,4822.079999999998,18.43
2095,EPE,769.91,40.24,1231.86,37.77,1601.6399999999999,41.05
2095,ERCO,33389.0,46.49,48503.67,43.43,59011.28999999998,44.84
2095,FMPP,184.19,8.48,252.91,7.64,291.1899999999996,7.88
2095,FPC,495.36,7.84,619.31,5.79,906.0600000000013,7.53
2095,FPL,1192.38,7.81,1605.75,7.01,2182.9900000000016,8.53
2095,GCPD,195.48,22.17,223.59,18.36,243.98000000000002,17.7
2095,GVL,19.23,8.18,25.66,6.56,34.389999999999986,7.37
2095,HST,5.28,7.37,8.39,8.51,9.840000000000003,9.2
2095,IID,184.89,26.78,370.69,28.58,462.28999999999996,28.16
2095,IPCO,856.25,25.02,1041.9,17.88,1447.1400000000003,20.24
2095,ISNE,4668.52,23.26,5035.2,16.41,6429.490000000005,17.07
2095,JEA,142.57,9.45,174.27,7.2,248.88999999999987,8.75
2095,LDWP,1441.89,27.84,2142.54,25.04,2811.33,27.18
2095,LGEE,1026.92,24.25,1250.94,19.39,1373.58,18.02
2095,MISO,48873.86,40.7,62729.48,36.76,72513.97,37.05
2095,NEVP,947.25,14.96,1289.31,11.21,1650.5,12.05
2095,NSB,4.1,8.27,5.92,6.89,6.210000000000008,6.25
2095,NWMT,545.85,29.39,570.94,23.86,678.3499999999999,23.35
2095,NYIS,4296.93,20.21,5004.27,15.13,6550.860000000001,16.38
2095,PACE,3673.65,30.05,4324.24,25.17,5078.190000000002,24.7
2095,PACW,908.56,26.16,975.0,20.48,1263.8499999999995,22.58
2095,PGE,865.61,24.39,898.14,17.32,1228.7600000000002,19.22
2095,PJM,36883.87,31.96,50022.08,28.07,64380.06000000003,30.42
2095,PNM,1103.92,31.03,1348.17,24.93,1646.71,26.44
2095,PSCO,3084.91,29.71,3513.37,22.16,4355.5,22.92
2095,PSEI,1144.73,22.17,1523.47,23.9,2009.2799999999997,27.34
2095,SC,929.17,23.43,1268.82,19.97,1752.0200000000004,23.94
2095,SCEG,949.3,23.04,1294.49,19.93,1766.0699999999997,23.52
2095,SCL,388.54,22.96,532.16,25.9,624.3400000000001,26.71
2095,SEC,18.13,11.54,24.67,10.08,27.74000000000001,9.33
2095,SOCO,11329.39,32.81,16165.64,29.71,19375.450000000004,30.7
2095,SPA,24.73,23.52,31.91,21.62,37.05000000000001,21.7
2095,SRP,328.32,7.28,424.12,4.62,581.7299999999996,5.16
2095,SWPP,15825.37,30.36,19350.44,23.53,22561.619999999995,23.4
2095,TAL,29.69,9.25,38.03,7.25,49.539999999999964,7.87
2095,TEC,214.82,8.27,289.66,7.26,311.7300000000005,6.96
2095,TEPC,152.57,7.06,155.88,3.75,286.7399999999998,5.58
2095,TIDC,138.77,30.07,210.97,26.88,250.1099999999999,25.57
2095,TPWR,193.66,23.18,288.0,27.79,333.91999999999985,27.75
2095,TVA,7744.18,31.63,10074.49,26.8,11885.269999999997,26.81
2095,WACM,2117.26,32.27,2258.68,25.82,2746.34,27.26
2095,WALC,391.54,25.25,491.3,22.12,535.6199999999999,20.96
2095,WAUW,46.41,29.89,52.38,21.92,75.90000000000003,25.33
