Year,State,Mean_Abs_Diff_MWh,Mean_Rel_Diff_%,Peak_Abs_Diff_M1_MWh,Peak_Rel_Diff_M1_%,Peak_Abs_Diff_M2_MWh,Peak_Rel_Diff_M2_%
2020,Alabama,110.82,0.97,203.93,1.27,228.52999999999884,1.21
2020,Arizona,128.34,1.06,301.62,1.66,127.56000000000131,0.57
2020,Arkansas,50.16,0.82,97.0,1.19,7.050000000001091,0.07
2020,California,390.16,0.99,802.04,1.44,680.8600000000006,0.92
2020,Colorado,69.28,0.91,164.4,1.68,119.1299999999992,1.0
2020,Connecticut,57.06,1.47,141.92,2.8,223.39000000000033,3.46
2020,Delaware,17.67,1.09,49.3,2.26,65.26000000000022,2.45
2020,District of Columbia,20.63,1.22,57.53,2.54,75.98000000000002,2.74
2020,Florida,334.52,1.02,596.62,1.23,89.88999999999942,0.16
2020,Georgia,190.22,1.03,325.29,1.25,457.46000000000276,1.49
2020,Idaho,36.94,1.13,85.93,1.99,191.47999999999956,3.48
2020,Illinois,179.1,0.92,490.58,1.92,625.3899999999994,2.04
2020,Indiana,108.79,0.81,298.02,1.74,342.2099999999991,1.7
2020,Iowa,52.67,0.82,126.83,1.53,59.61000000000058,0.61
2020,Kansas,70.74,1.22,151.98,1.89,157.8099999999995,1.65
2020,Kentucky,95.7,0.94,216.88,1.56,105.38000000000102,0.62
2020,Louisiana,85.24,0.74,196.59,1.32,94.61000000000058,0.54
2020,Maine,23.31,1.58,46.53,2.38,70.36000000000013,2.81
2020,Maryland,102.28,1.09,285.57,2.27,378.0100000000002,2.46
2020,Massachusetts,111.26,1.47,275.5,2.79,433.40999999999985,3.45
2020,Michigan,93.85,0.71,218.93,1.29,166.62000000000262,0.83
2020,Minnesota,63.82,0.72,135.67,1.17,66.57000000000153,0.49
2020,Mississippi,48.25,0.77,102.51,1.22,17.68999999999869,0.18
2020,Missouri,131.96,1.13,313.36,2.02,116.85999999999694,0.64
2020,Montana,16.38,0.93,27.49,1.25,19.84999999999991,0.79
2020,Nebraska,45.75,1.13,89.27,1.58,87.57000000000062,1.3
2020,Nevada,57.72,1.12,122.33,1.59,101.21999999999935,1.05
2020,New Hampshire,22.89,1.55,47.76,2.44,72.96000000000004,2.93
2020,New Jersey,132.36,1.19,375.65,2.54,470.34000000000015,2.6
2020,New Mexico,26.4,0.89,49.88,1.22,2.699999999999818,0.06
2020,New York,293.48,1.35,790.73,2.75,903.9700000000012,2.49
2020,North Carolina,222.01,1.19,416.41,1.6,110.78999999999724,0.35
2020,North Dakota,23.26,1.06,25.78,0.82,28.170000000000073,0.76
2020,Ohio,203.8,1.04,475.0,1.76,621.4099999999962,1.88
2020,Oklahoma,96.51,1.19,176.95,1.53,135.15999999999985,0.97
2020,Oregon,82.94,1.26,114.5,1.36,84.61000000000058,0.79
2020,Pennsylvania,223.29,1.1,624.59,2.29,826.7299999999959,2.48
2020,Rhode Island,16.37,1.56,43.97,3.22,69.79999999999995,4.02
2020,South Carolina,133.67,1.2,243.8,1.57,87.53000000000247,0.45
2020,South Dakota,16.67,1.1,17.23,0.8,10.299999999999727,0.41
2020,Tennessee,142.2,1.03,289.74,1.5,253.6899999999987,1.1
2020,Texas,427.77,0.81,595.29,0.77,584.8300000000017,0.65
2020,Utah,41.82,0.92,114.75,2.03,129.48999999999978,1.94
2020,Vermont,11.48,1.62,21.93,2.31,32.799999999999955,2.71
2020,Virginia,176.72,1.07,490.68,2.21,583.6899999999987,2.16
2020,Washington,131.31,1.02,123.35,0.74,75.30999999999767,0.34
2020,West Virginia,42.76,1.07,90.86,1.63,117.17999999999938,1.72
2020,Wisconsin,63.21,0.7,147.32,1.28,92.90999999999985,0.68
2020,Wyoming,17.91,0.93,35.2,1.48,49.48000000000002,1.79
2025,Alabama,197.19,1.64,321.53,1.96,183.02999999999884,0.76
2025,Arizona,152.81,1.17,354.43,1.79,415.9300000000003,1.71
2025,Arkansas,72.32,1.11,187.5,2.28,200.15999999999985,2.11
2025,California,440.11,1.08,679.86,1.14,491.79000000000815,0.62
2025,Colorado,91.1,1.08,219.93,2.05,152.29000000000087,1.17
2025,Connecticut,59.15,1.57,129.77,2.68,71.69000000000051,1.16
2025,Delaware,23.92,1.54,40.51,1.9,39.539999999999964,1.54
2025,District of Columbia,24.14,1.48,49.98,2.28,53.69999999999982,2.04
2025,Florida,471.34,1.4,746.45,1.54,898.4099999999962,1.5
2025,Georgia,340.51,1.79,556.03,2.13,308.8999999999942,0.81
2025,Idaho,51.56,1.4,112.6,2.35,126.83000000000084,2.12
2025,Illinois,252.32,1.33,592.79,2.41,566.2799999999988,1.95
2025,Indiana,147.59,1.09,349.08,2.05,240.4399999999987,1.22
2025,Iowa,68.96,1.06,155.99,1.9,152.78999999999905,1.61
2025,Kansas,91.83,1.54,256.8,3.27,251.0599999999995,2.75
2025,Kentucky,154.33,1.5,232.76,1.67,391.5500000000029,2.3
2025,Louisiana,123.28,1.03,317.05,2.12,291.5699999999997,1.7
2025,Maine,24.58,1.66,45.67,2.39,15.699999999999818,0.64
2025,Maryland,133.7,1.5,256.58,2.12,266.8299999999999,1.83
2025,Massachusetts,118.57,1.56,269.29,2.77,161.79999999999927,1.3
2025,Michigan,133.21,1.0,291.34,1.75,133.9499999999971,0.7
2025,Minnesota,90.96,1.0,191.77,1.67,148.57999999999993,1.13
2025,Mississippi,85.01,1.28,170.37,2.0,23.459999999999127,0.22
2025,Missouri,176.22,1.52,461.13,3.08,611.3300000000017,3.55
2025,Montana,20.39,1.09,37.78,1.63,50.98999999999978,1.88
2025,Nebraska,59.86,1.44,153.5,2.77,138.55000000000018,2.16
2025,Nevada,66.95,1.2,140.05,1.67,133.34000000000015,1.3
2025,New Hampshire,24.54,1.63,47.7,2.46,19.079999999999927,0.77
2025,New Jersey,152.8,1.46,346.03,2.5,342.02999999999884,2.06
2025,New Mexico,31.95,1.0,60.5,1.4,33.61000000000058,0.67
2025,New York,325.85,1.51,796.12,2.86,794.8799999999974,2.28
2025,North Carolina,374.95,1.93,666.92,2.49,1112.4800000000032,2.98
2025,North Dakota,32.49,1.31,54.66,1.65,58.16000000000031,1.52
2025,Ohio,290.52,1.48,600.95,2.28,645.4099999999999,2.04
2025,Oklahoma,130.82,1.52,309.33,2.67,358.9599999999991,2.67
2025,Oregon,107.8,1.49,155.02,1.68,226.22999999999956,2.04
2025,Pennsylvania,293.8,1.48,632.27,2.38,688.3999999999978,2.16
2025,Rhode Island,16.27,1.57,38.73,2.92,26.300000000000182,1.56
2025,South Carolina,209.1,1.81,358.5,2.25,692.6599999999999,3.01
2025,South Dakota,20.86,1.3,37.26,1.76,33.15000000000009,1.36
2025,Tennessee,243.85,1.67,450.07,2.28,179.66999999999825,0.64
2025,Texas,646.76,1.15,1103.97,1.39,976.0500000000029,1.07
2025,Utah,54.99,1.06,139.87,2.17,100.40999999999985,1.31
2025,Vermont,12.02,1.69,21.51,2.33,6.370000000000118,0.54
2025,Virginia,241.75,1.49,468.9,2.14,487.9900000000016,1.85
2025,Washington,169.63,1.2,177.85,0.94,177.54999999999927,0.79
2025,West Virginia,62.14,1.63,87.23,1.64,74.1200000000008,1.15
2025,Wisconsin,89.35,0.97,200.33,1.75,145.01000000000022,1.1
2025,Wyoming,21.24,1.04,43.47,1.75,52.00999999999976,1.77
2030,Alabama,202.69,1.58,291.32,1.54,320.6899999999987,1.42
2030,Arizona,201.43,1.49,325.91,1.52,389.119999999999,1.38
2030,Arkansas,84.68,1.25,113.84,1.2,132.6800000000003,1.18
2030,California,600.36,1.34,1061.14,1.68,1279.5399999999936,1.56
2030,Colorado,113.33,1.2,273.23,2.27,285.5699999999997,1.91
2030,Connecticut,71.79,1.86,135.85,2.66,127.21000000000004,2.03
2030,Delaware,25.37,1.52,42.83,1.8,1.5,0.05
2030,District of Columbia,24.23,1.48,47.56,2.09,10.840000000000146,0.38
2030,Florida,579.05,1.59,1025.26,1.98,576.4099999999962,0.99
2030,Georgia,334.8,1.65,484.21,1.62,473.58000000000175,1.33
2030,Idaho,64.58,1.6,121.01,2.17,226.28999999999996,3.39
2030,Illinois,256.29,1.33,525.3,2.0,359.0799999999981,1.12
2030,Indiana,164.0,1.12,378.76,1.99,470.65000000000146,2.07
2030,Iowa,74.71,1.1,152.47,1.69,187.71999999999935,1.75
2030,Kansas,93.37,1.46,215.45,2.43,222.40999999999985,2.08
2030,Kentucky,170.26,1.52,290.69,1.84,154.80999999999767,0.79
2030,Louisiana,136.67,1.07,326.58,1.99,406.7300000000032,2.1
2030,Maine,30.34,1.99,46.89,2.28,38.85999999999967,1.54
2030,Maryland,137.47,1.49,252.04,1.95,36.31000000000131,0.22
2030,Massachusetts,144.44,1.84,282.82,2.73,269.47000000000116,2.13
2030,Michigan,145.26,1.05,331.26,1.85,419.4300000000003,1.99
2030,Minnesota,97.96,1.04,205.4,1.67,259.03000000000065,1.79
2030,Mississippi,91.48,1.3,176.32,1.85,179.85999999999876,1.61
2030,Missouri,162.29,1.28,372.17,2.2,454.4599999999991,2.24
2030,Montana,25.56,1.22,51.88,1.97,45.80000000000018,1.53
2030,Nebraska,62.65,1.41,126.61,2.02,124.59000000000015,1.66
2030,Nevada,93.32,1.51,171.0,1.84,13.729999999999563,0.12
2030,New Hampshire,30.43,1.94,50.45,2.4,43.81999999999971,1.7
2030,New Jersey,168.57,1.59,403.74,2.83,217.09999999999854,1.23
2030,New Mexico,39.76,1.13,68.31,1.42,119.78999999999996,2.06
2030,New York,378.28,1.72,843.43,2.89,567.0299999999988,1.62
2030,North Carolina,368.48,1.77,630.83,2.12,437.09999999999854,1.21
2030,North Dakota,33.19,1.28,49.27,1.35,57.07999999999993,1.31
2030,Ohio,304.91,1.48,607.87,2.12,150.32999999999447,0.42
2030,Oklahoma,138.97,1.49,267.74,2.01,272.6899999999987,1.69
2030,Oregon,148.83,1.93,183.82,1.81,156.73000000000138,1.26
2030,Pennsylvania,307.47,1.48,637.03,2.22,190.52999999999884,0.53
2030,Rhode Island,19.56,1.8,42.59,3.0,42.72000000000003,2.46
2030,South Carolina,217.22,1.74,347.34,1.93,414.34999999999854,1.91
2030,South Dakota,20.88,1.25,36.06,1.57,38.09999999999991,1.41
2030,Tennessee,251.81,1.62,437.92,1.97,481.51000000000204,1.78
2030,Texas,718.25,1.2,1006.18,1.14,1178.9700000000012,1.14
2030,Utah,62.59,1.07,142.38,1.93,224.97000000000116,2.56
2030,Vermont,14.34,1.96,23.07,2.35,19.660000000000082,1.63
2030,Virginia,258.59,1.52,433.84,1.79,21.389999999999418,0.07
2030,Washington,225.37,1.48,198.17,0.99,182.5,0.73
2030,West Virginia,61.2,1.54,95.46,1.68,7.329999999999927,0.1
2030,Wisconsin,98.31,1.03,203.52,1.64,258.72999999999956,1.77
2030,Wyoming,23.89,1.09,44.95,1.65,64.78999999999996,2.01
2035,Alabama,203.41,1.48,363.48,1.88,358.2800000000025,1.53
2035,Arizona,247.0,1.66,373.61,1.55,224.63000000000102,0.73
2035,Arkansas,90.02,1.21,184.75,1.85,141.70999999999913,1.21
2035,California,667.12,1.46,1132.85,1.71,616.0599999999977,0.74
2035,Colorado,130.84,1.25,349.48,2.58,310.4399999999987,1.84
2035,Connecticut,63.38,1.57,138.11,2.57,231.89000000000033,3.46
2035,Delaware,26.7,1.44,54.31,2.07,5.25,0.17
2035,District of Columbia,30.26,1.82,72.53,3.13,34.64000000000033,1.24
2035,Florida,529.75,1.39,866.73,1.61,738.689999999995,1.17
2035,Georgia,325.48,1.52,573.72,1.9,509.9099999999962,1.38
2035,Idaho,71.63,1.58,173.28,2.9,105.84999999999945,1.44
2035,Illinois,250.55,1.32,491.38,1.85,433.59000000000015,1.37
2035,Indiana,176.93,1.16,385.89,1.89,314.3500000000022,1.3
2035,Iowa,84.57,1.19,144.99,1.51,96.60999999999876,0.85
2035,Kansas,188.67,3.1,145.08,1.56,74.27000000000044,0.67
2035,Kentucky,158.18,1.33,266.38,1.59,225.04999999999927,1.12
2035,Louisiana,157.46,1.18,382.26,2.2,317.23999999999796,1.56
2035,Maine,27.88,1.71,44.8,2.03,73.19000000000005,2.64
2035,Maryland,151.01,1.52,341.53,2.46,94.43000000000029,0.57
2035,Massachusetts,129.67,1.57,294.53,2.7,494.5799999999999,3.62
2035,Michigan,153.28,1.11,277.69,1.49,187.39999999999782,0.85
2035,Minnesota,110.5,1.16,160.14,1.23,85.78000000000065,0.56
2035,Mississippi,85.84,1.16,167.01,1.69,161.34999999999854,1.38
2035,Missouri,178.41,1.36,431.48,2.49,386.1800000000003,1.89
2035,Montana,29.33,1.28,65.26,2.31,89.2800000000002,2.77
2035,Nebraska,69.98,1.53,140.49,2.22,172.65000000000055,2.28
2035,Nevada,102.2,1.56,181.95,1.76,84.90999999999985,0.67
2035,New Hampshire,27.4,1.64,49.31,2.2,81.80999999999995,2.9
2035,New Jersey,170.54,1.55,399.51,2.63,300.1800000000003,1.65
2035,New Mexico,48.52,1.27,87.35,1.66,94.53000000000065,1.49
2035,New York,361.74,1.61,859.52,2.84,467.75,1.28
2035,North Carolina,386.06,1.74,686.35,2.19,641.8499999999985,1.67
2035,North Dakota,41.73,1.57,38.53,1.0,19.88000000000011,0.44
2035,Ohio,306.97,1.44,611.6,2.02,40.31999999999971,0.11
2035,Oklahoma,175.9,1.82,229.63,1.64,309.3899999999994,1.83
2035,Oregon,157.84,1.87,241.11,2.3,308.4499999999989,2.41
2035,Pennsylvania,334.07,1.49,738.79,2.35,173.09000000000378,0.46
2035,Rhode Island,18.15,1.59,42.64,2.83,71.50999999999999,3.8
2035,South Carolina,218.15,1.62,374.13,1.98,389.8199999999997,1.68
2035,South Dakota,27.74,1.7,22.43,0.95,6.2599999999997635,0.23
2035,Tennessee,228.46,1.39,420.84,1.85,329.2599999999984,1.21
2035,Texas,989.64,1.45,1999.33,2.1,1328.979999999996,1.16
2035,Utah,80.71,1.27,196.14,2.44,64.63999999999942,0.66
2035,Vermont,12.97,1.69,21.6,2.08,35.5,2.72
2035,Virginia,290.59,1.56,672.75,2.59,228.13000000000102,0.73
2035,Washington,241.33,1.46,317.38,1.54,546.6800000000003,2.13
2035,West Virginia,60.21,1.49,88.5,1.48,35.30000000000018,0.49
2035,Wisconsin,107.75,1.14,162.16,1.25,88.57999999999993,0.58
2035,Wyoming,30.29,1.24,71.52,2.38,39.76999999999998,1.12
2040,Alabama,268.82,1.75,510.76,2.4,688.4399999999987,2.73
2040,Arizona,249.82,1.52,448.36,1.69,531.3199999999997,1.66
2040,Arkansas,111.56,1.33,238.68,2.17,231.42000000000007,1.83
2040,California,530.18,1.07,1019.33,1.47,910.0,1.06
2040,Colorado,163.12,1.39,421.75,2.78,317.9100000000035,1.77
2040,Connecticut,73.39,1.76,143.36,2.68,51.92000000000007,0.77
2040,Delaware,31.43,1.6,67.28,2.54,49.50999999999976,1.55
2040,District of Columbia,27.27,1.69,62.66,2.89,49.92000000000007,1.91
2040,Florida,532.04,1.33,963.86,1.63,860.0100000000093,1.28
2040,Georgia,446.14,1.86,842.33,2.52,933.5,2.37
2040,Idaho,70.14,1.46,127.7,1.92,112.88000000000102,1.34
2040,Illinois,298.81,1.5,662.97,2.52,706.130000000001,2.27
2040,Indiana,208.62,1.3,459.26,2.23,488.9900000000016,2.05
2040,Iowa,108.93,1.36,255.2,2.48,249.60000000000036,2.1
2040,Kansas,119.66,1.67,196.66,1.86,127.96999999999935,1.05
2040,Kentucky,207.34,1.61,351.34,2.0,285.8999999999978,1.35
2040,Louisiana,174.08,1.24,379.91,2.11,358.90999999999985,1.73
2040,Maine,34.52,2.0,46.98,2.08,54.370000000000346,1.9
2040,Maryland,163.49,1.63,359.53,2.66,272.5400000000009,1.67
2040,Massachusetts,150.24,1.76,308.42,2.81,76.78000000000065,0.56
2040,Michigan,170.08,1.18,333.2,1.81,275.8600000000006,1.3
2040,Minnesota,122.15,1.19,192.71,1.43,153.72000000000116,0.99
2040,Mississippi,116.41,1.44,238.2,2.24,289.39999999999964,2.35
2040,Missouri,220.93,1.58,532.08,2.86,611.3299999999981,2.87
2040,Montana,33.29,1.34,65.08,2.07,126.40999999999985,3.44
2040,Nebraska,115.95,2.21,296.22,4.05,284.53000000000065,3.39
2040,Nevada,98.36,1.48,110.9,1.0,78.22000000000116,0.58
2040,New Hampshire,32.79,1.86,52.93,2.32,40.61999999999989,1.41
2040,New Jersey,214.92,2.02,517.59,3.64,477.52999999999884,2.78
2040,New Mexico,55.68,1.31,108.35,1.86,75.18000000000029,1.13
2040,New York,400.69,1.78,878.76,2.99,171.94000000000233,0.48
2040,North Carolina,454.44,1.86,920.73,2.78,708.4900000000052,1.76
2040,North Dakota,55.75,1.99,26.32,0.62,15.8100000000004,0.33
2040,Ohio,346.32,1.57,678.42,2.25,452.11999999999534,1.24
2040,Oklahoma,288.43,2.85,168.69,1.03,178.47999999999956,0.94
2040,Oregon,144.41,1.59,224.67,2.02,165.3199999999997,1.28
2040,Pennsylvania,406.35,1.78,962.57,3.16,803.5499999999956,2.19
2040,Rhode Island,21.17,1.78,46.13,3.03,3.9700000000000273,0.21
2040,South Carolina,276.13,1.83,519.46,2.54,241.77000000000044,0.98
2040,South Dakota,27.15,1.41,55.76,2.15,45.840000000000146,1.55
2040,Tennessee,311.0,1.74,615.52,2.52,1242.9399999999987,4.27
2040,Texas,983.36,1.34,1710.63,1.62,1382.050000000003,1.13
2040,Utah,72.75,1.02,199.34,2.24,211.16999999999825,1.99
2040,Vermont,15.36,1.91,23.4,2.23,20.939999999999827,1.58
2040,Virginia,309.52,1.61,665.57,2.56,520.7099999999991,1.66
2040,Washington,224.81,1.25,360.84,1.66,327.40000000000146,1.29
2040,West Virginia,66.7,1.59,96.79,1.63,38.88999999999942,0.54
2040,Wisconsin,117.93,1.17,191.29,1.46,151.9300000000003,1.0
2040,Wyoming,30.12,1.12,71.74,2.16,72.28999999999996,1.86
2045,Alabama,389.81,2.41,857.58,3.91,369.47999999999956,1.45
2045,Arizona,248.23,1.32,476.59,1.64,168.87999999999738,0.45
2045,Arkansas,288.88,3.24,611.36,5.13,633.1299999999992,4.57
2045,California,437.31,0.84,831.48,1.14,234.0899999999965,0.26
2045,Colorado,182.2,1.42,440.7,2.64,730.7799999999988,3.48
2045,Connecticut,110.3,2.49,188.77,3.16,216.07999999999993,2.86
2045,Delaware,42.01,2.05,65.4,2.22,36.75,1.07
2045,District of Columbia,35.38,2.13,72.87,3.18,55.05000000000018,2.06
2045,Florida,613.93,1.4,1258.27,1.99,1228.6300000000047,1.72
2045,Georgia,674.85,2.68,1479.14,4.33,673.9599999999991,1.7
2045,Idaho,59.92,1.11,130.14,1.78,180.8700000000008,2.02
2045,Illinois,381.25,1.88,667.19,2.37,572.9599999999991,1.76
2045,Indiana,281.94,1.62,593.52,2.61,507.3999999999978,1.94
2045,Iowa,135.98,1.8,122.34,1.13,65.51000000000022,0.52
2045,Kansas,175.75,2.13,426.76,3.84,312.6700000000001,2.33
2045,Kentucky,277.37,2.03,430.14,2.22,265.53999999999724,1.18
2045,Louisiana,256.51,1.71,606.87,3.18,644.8400000000001,2.93
2045,Maine,51.72,2.77,57.57,2.22,56.820000000000164,1.72
2045,Maryland,213.98,2.05,365.24,2.47,229.97999999999956,1.33
2045,Massachusetts,229.02,2.52,377.35,3.06,428.21999999999935,2.75
2045,Michigan,220.73,1.49,341.14,1.72,324.1899999999987,1.43
2045,Minnesota,177.22,1.75,137.71,0.96,71.63000000000102,0.44
2045,Mississippi,148.67,1.74,325.33,2.93,184.92000000000007,1.44
2045,Missouri,288.43,1.9,674.19,3.38,671.6599999999999,2.85
2045,Montana,38.83,1.46,56.63,1.65,72.69000000000005,1.81
2045,Nebraska,109.87,2.22,130.35,1.75,11.789999999999054,0.13
2045,Nevada,85.77,1.14,128.89,1.07,22.770000000000437,0.15
2045,New Hampshire,50.57,2.69,63.31,2.44,66.15000000000009,2.01
2045,New Jersey,230.33,2.1,460.8,3.05,327.6299999999974,1.86
2045,New Mexico,70.57,1.58,97.47,1.52,8.329999999999927,0.11
2045,New York,596.08,2.46,1432.38,4.46,1498.9599999999991,3.85
2045,North Carolina,660.82,2.53,1408.43,3.87,1516.5699999999997,3.39
2045,North Dakota,91.89,3.22,57.06,1.29,97.81999999999971,1.91
2045,Ohio,476.84,2.05,792.35,2.39,483.72000000000116,1.25
2045,Oklahoma,273.4,2.17,607.61,3.49,388.2099999999991,1.83
2045,Oregon,98.64,1.01,166.03,1.36,86.71000000000095,0.6
2045,Pennsylvania,490.52,2.07,911.15,2.75,626.4599999999991,1.62
2045,Rhode Island,31.86,2.5,54.34,3.15,62.15000000000009,2.85
2045,South Carolina,434.46,2.68,914.79,4.11,1120.8999999999978,4.1
2045,South Dakota,40.18,2.2,27.11,1.0,15.820000000000164,0.49
2045,Tennessee,405.28,2.15,832.02,3.24,756.6500000000015,2.52
2045,Texas,1257.48,1.59,2246.44,2.01,2051.4699999999866,1.62
2045,Utah,67.6,0.87,176.41,1.8,187.63999999999942,1.58
2045,Vermont,23.18,2.73,27.52,2.33,28.100000000000136,1.88
2045,Virginia,460.53,2.19,1000.26,3.48,787.429999999993,2.35
2045,Washington,167.96,0.88,300.03,1.27,306.619999999999,1.12
2045,West Virginia,91.3,2.12,98.95,1.53,19.23999999999978,0.25
2045,Wisconsin,159.05,1.53,187.31,1.32,177.75,1.09
2045,Wyoming,27.33,0.94,51.97,1.42,53.67000000000007,1.23
2050,Alabama,381.69,2.1,1016.59,4.09,609.0699999999997,2.07
2050,Arizona,333.54,1.72,525.38,1.66,229.20999999999913,0.6
2050,Arkansas,155.94,1.58,365.38,2.83,361.22000000000116,2.38
2050,California,707.44,1.29,1276.96,1.65,960.570000000007,0.94
2050,Colorado,215.66,1.58,436.65,2.41,588.3899999999994,2.65
2050,Connecticut,106.12,2.34,159.97,2.51,262.96999999999935,3.28
2050,Delaware,40.4,1.89,56.12,1.79,46.289999999999964,1.24
2050,District of Columbia,35.29,2.03,71.92,2.98,72.71000000000004,2.53
2050,Florida,731.08,1.52,1504.36,2.19,1594.5599999999977,2.06
2050,Georgia,593.02,2.1,1557.23,4.03,942.2599999999948,2.07
2050,Idaho,81.11,1.41,181.8,2.35,119.70999999999913,1.25
2050,Illinois,374.38,1.75,675.67,2.27,492.6999999999971,1.41
2050,Indiana,276.53,1.49,564.69,2.29,370.2699999999968,1.29
2050,Iowa,129.71,1.56,164.44,1.41,100.6200000000008,0.73
2050,Kansas,199.13,2.26,538.35,4.58,540.0200000000004,3.77
2050,Kentucky,291.13,1.92,546.15,2.54,369.369999999999,1.45
2050,Louisiana,239.38,1.5,581.87,2.84,477.33000000000175,2.01
2050,Maine,49.96,2.53,52.94,1.86,87.00999999999976,2.43
2050,Maryland,211.76,1.93,375.99,2.41,359.9800000000032,1.94
2050,Massachusetts,218.65,2.32,350.06,2.65,572.8999999999996,3.45
2050,Michigan,214.63,1.37,370.75,1.77,167.1700000000019,0.69
2050,Minnesota,172.04,1.63,125.86,0.83,65.97999999999956,0.37
2050,Mississippi,156.41,1.67,392.54,3.17,476.34000000000015,3.28
2050,Missouri,286.69,1.78,696.66,3.27,761.7999999999993,2.99
2050,Montana,41.56,1.41,97.77,2.67,124.60999999999967,2.91
2050,Nebraska,114.75,2.01,243.83,3.04,218.01000000000022,2.23
2050,Nevada,120.8,1.49,156.33,1.21,56.6299999999992,0.36
2050,New Hampshire,48.23,2.44,59.59,2.11,98.81999999999971,2.78
2050,New Jersey,220.14,1.97,431.65,2.77,459.10999999999694,2.46
2050,New Mexico,89.84,1.88,98.22,1.39,110.82999999999993,1.32
2050,New York,507.14,2.09,1010.11,3.02,1039.8300000000017,2.53
2050,North Carolina,599.97,2.11,1306.8,3.28,1427.030000000006,2.97
2050,North Dakota,99.68,3.28,55.7,1.18,70.56999999999971,1.27
2050,Ohio,467.25,1.9,722.25,2.02,643.1399999999994,1.51
2050,Oklahoma,284.7,2.11,683.22,3.66,642.1899999999987,2.8
2050,Oregon,140.8,1.37,209.23,1.63,175.36999999999898,1.14
2050,Pennsylvania,460.46,1.9,746.75,2.15,686.4700000000012,1.65
2050,Rhode Island,30.89,2.32,49.59,2.66,81.13999999999987,3.46
2050,South Carolina,343.74,1.95,767.53,3.14,915.6000000000022,3.13
2050,South Dakota,36.45,1.8,50.57,1.76,53.7199999999998,1.58
2050,Tennessee,449.6,2.12,1165.3,3.99,1381.7599999999948,3.94
2050,Texas,1219.6,1.44,2131.48,1.74,1723.3999999999942,1.21
2050,Utah,99.62,1.2,211.0,1.98,251.89999999999964,1.99
2050,Vermont,22.27,2.52,24.08,1.89,39.66000000000008,2.47
2050,Virginia,439.88,1.97,842.82,2.68,831.1299999999974,2.23
2050,Washington,208.18,1.04,268.81,1.1,313.65999999999985,1.08
2050,West Virginia,87.24,1.92,97.82,1.43,62.6899999999996,0.77
2050,Wisconsin,154.88,1.41,194.95,1.28,26.099999999998545,0.15
2050,Wyoming,41.04,1.33,64.19,1.63,96.06999999999971,2.07
2055,Alabama,838.68,4.6,1549.01,5.94,1508.4300000000003,4.93
2055,Arizona,405.2,2.01,448.19,1.35,536.2699999999968,1.29
2055,Arkansas,171.19,1.69,300.9,2.21,203.23999999999978,1.29
2055,California,690.19,1.22,999.02,1.19,68.61000000000058,0.07
2055,Colorado,288.14,1.95,534.61,2.73,336.8100000000013,1.44
2055,Connecticut,114.97,2.37,186.63,2.82,197.03999999999996,2.46
2055,Delaware,47.39,1.97,98.5,2.99,94.62999999999965,2.39
2055,District of Columbia,45.48,2.48,98.71,3.96,101.40000000000009,3.39
2055,Florida,834.18,1.71,1351.55,1.97,1647.8100000000122,2.14
2055,Georgia,1431.68,5.12,2625.37,6.52,2497.3799999999974,5.31
2055,Idaho,104.59,1.68,223.82,2.64,288.39999999999964,2.76
2055,Illinois,388.01,1.73,710.68,2.31,584.7999999999956,1.61
2055,Indiana,302.6,1.56,539.84,2.08,472.40999999999985,1.55
2055,Iowa,151.97,1.77,130.2,1.07,25.25,0.18
2055,Kansas,226.3,2.39,527.67,4.15,551.1999999999989,3.7
2055,Kentucky,299.49,1.89,489.74,2.19,493.7400000000016,1.86
2055,Louisiana,492.0,2.97,1018.37,4.73,981.4500000000007,3.94
2055,Maine,57.19,2.61,60.68,1.97,51.129999999999654,1.37
2055,Maryland,242.72,2.04,518.43,3.2,507.84999999999854,2.61
2055,Massachusetts,237.59,2.33,418.73,3.03,454.01000000000204,2.72
2055,Michigan,246.38,1.5,418.46,1.92,324.52999999999884,1.28
2055,Minnesota,198.5,1.78,109.51,0.69,42.81000000000131,0.23
2055,Mississippi,290.43,3.01,581.73,4.5,553.3400000000001,3.65
2055,Missouri,353.51,1.99,809.36,3.46,715.3400000000001,2.63
2055,Montana,48.64,1.54,102.85,2.6,120.57999999999993,2.68
2055,Nebraska,128.9,2.19,187.51,2.21,162.47000000000116,1.63
2055,Nevada,142.26,1.64,193.18,1.42,190.17000000000007,1.17
2055,New Hampshire,53.77,2.5,68.53,2.29,65.14000000000033,1.8
2055,New Jersey,296.76,2.52,646.74,4.07,673.2300000000032,3.52
2055,New Mexico,96.63,1.84,102.0,1.33,17.01000000000022,0.19
2055,New York,532.65,2.07,1221.2,3.57,1041.5400000000009,2.49
2055,North Carolina,1137.29,3.85,2127.87,5.07,2135.959999999999,4.27
2055,North Dakota,109.16,3.27,64.82,1.28,109.26999999999953,1.88
2055,Ohio,484.98,1.85,812.18,2.19,686.5699999999997,1.54
2055,Oklahoma,338.19,2.28,698.03,3.41,818.5600000000013,3.4
2055,Oregon,166.04,1.51,247.97,1.78,158.65999999999985,0.94
2055,Pennsylvania,577.08,2.15,1255.66,3.45,1253.2300000000032,2.87
2055,Rhode Island,33.43,2.31,62.4,3.19,68.69999999999982,2.92
2055,South Carolina,703.57,3.81,1330.07,5.07,1262.2299999999996,4.06
2055,South Dakota,42.12,1.99,40.3,1.33,18.61999999999989,0.53
2055,Tennessee,628.6,2.96,1191.13,4.02,1540.9199999999983,4.39
2055,Texas,1577.44,1.75,2552.61,1.98,2295.350000000006,1.52
2055,Utah,127.33,1.47,204.75,1.81,252.92000000000007,1.86
2055,Vermont,24.61,2.59,27.28,2.04,23.769999999999982,1.47
2055,Virginia,563.59,2.4,1226.67,3.86,1251.0599999999977,3.28
2055,Washington,273.7,1.29,376.08,1.45,270.0600000000013,0.91
2055,West Virginia,91.32,1.89,107.49,1.51,64.71999999999935,0.75
2055,Wisconsin,179.17,1.53,229.4,1.44,132.59000000000015,0.72
2055,Wyoming,52.84,1.57,74.15,1.73,50.719999999999345,1.0
2060,Alabama,655.07,3.17,1300.66,4.29,1268.0799999999945,3.63
2060,Arizona,508.72,2.53,614.37,1.67,192.23999999999796,0.42
2060,Arkansas,299.21,2.67,555.3,3.59,316.27000000000044,1.77
2060,California,1137.05,1.93,1657.14,1.82,2304.4100000000035,1.91
2060,Colorado,470.13,2.94,799.87,3.56,505.5,1.86
2060,Connecticut,200.26,3.87,310.65,4.27,55.3700000000008,0.61
2060,Delaware,70.68,2.76,126.09,3.34,117.86000000000058,2.58
2060,District of Columbia,54.48,2.79,108.41,3.84,106.08999999999969,3.11
2060,Florida,1355.91,2.57,2240.0,2.88,2640.37000000001,2.94
2060,Georgia,1029.85,3.22,2042.04,4.35,2280.5,4.22
2060,Idaho,177.95,2.75,333.7,3.67,529.2199999999993,4.56
2060,Illinois,611.41,2.62,1062.82,3.16,1015.8800000000047,2.54
2060,Indiana,529.2,2.45,1032.45,3.53,740.4400000000023,2.18
2060,Iowa,254.73,2.92,133.65,0.99,272.7599999999984,1.74
2060,Kansas,345.82,3.43,663.14,4.46,481.869999999999,2.8
2060,Kentucky,497.95,2.89,886.48,3.51,570.75,1.88
2060,Louisiana,451.05,2.51,912.15,3.8,524.4900000000016,1.88
2060,Maine,98.25,4.05,116.86,3.35,71.90000000000055,1.65
2060,Maryland,346.34,2.76,630.24,3.42,594.4099999999999,2.67
2060,Massachusetts,417.55,3.82,706.86,4.65,39.79999999999927,0.21
2060,Michigan,418.87,2.37,795.31,3.36,456.6800000000003,1.66
2060,Minnesota,321.0,2.77,162.24,0.92,347.8100000000013,1.71
2060,Mississippi,278.04,2.64,539.21,3.68,317.0099999999984,1.86
2060,Missouri,553.4,3.03,1015.09,3.9,747.6800000000003,2.48
2060,Montana,87.71,2.68,128.84,2.96,143.07000000000062,2.84
2060,Nebraska,199.01,3.45,174.65,1.84,0.5599999999994907,0.01
2060,Nevada,225.67,2.46,381.59,2.53,355.3299999999981,1.93
2060,New Hampshire,91.55,3.96,123.97,3.77,48.18000000000029,1.17
2060,New Jersey,354.04,2.88,774.79,4.48,779.75,3.74
2060,New Mexico,148.13,2.64,152.05,1.73,151.84000000000015,1.49
2060,New York,876.33,3.21,1939.26,5.18,1074.8300000000017,2.29
2060,North Carolina,1080.06,3.31,2136.48,4.45,1794.4100000000035,3.1
2060,North Dakota,152.49,4.31,99.43,1.7,191.15999999999985,2.88
2060,Ohio,814.55,2.8,1651.57,3.94,1627.8300000000017,3.22
2060,Oklahoma,562.03,3.56,918.76,3.78,576.1999999999971,2.04
2060,Oregon,338.84,2.9,540.03,3.63,531.7299999999996,2.79
2060,Pennsylvania,773.72,2.76,1404.62,3.41,1330.030000000006,2.68
2060,Rhode Island,59.44,3.82,101.74,4.7,4.239999999999782,0.16
2060,South Carolina,609.56,3.01,1060.84,3.53,753.489999999998,2.1
2060,South Dakota,70.61,3.31,34.35,1.0,27.51000000000022,0.7
2060,Tennessee,768.1,3.27,1596.02,4.68,783.1399999999994,1.93
2060,Texas,2765.89,2.75,4814.38,3.24,3593.8300000000163,2.11
2060,Utah,217.09,2.33,401.18,3.17,645.2399999999998,4.33
2060,Vermont,41.06,4.05,48.78,3.35,30.11999999999989,1.65
2060,Virginia,710.77,2.82,1478.94,4.1,1473.25,3.38
2060,Washington,540.1,2.41,818.7,2.92,936.9500000000044,2.63
2060,West Virginia,145.6,2.84,164.4,2.04,108.19999999999891,1.11
2060,Wisconsin,288.66,2.34,324.02,1.86,7.259999999998399,0.04
2060,Wyoming,92.58,2.47,158.78,3.23,144.5599999999995,2.53
2065,Alabama,866.11,4.01,1425.88,4.65,1244.8199999999997,3.19
2065,Arizona,744.47,3.15,1156.86,2.91,1454.060000000005,3.01
2065,Arkansas,375.99,3.04,716.13,4.33,833.3400000000001,4.4
2065,California,1829.63,2.75,3048.52,3.09,4074.12999999999,3.2
2065,Colorado,512.95,2.98,823.49,3.45,549.1500000000015,1.91
2065,Connecticut,207.31,3.72,359.99,4.76,165.29999999999927,1.77
2065,Delaware,80.68,3.08,107.88,2.8,48.460000000000036,1.05
2065,District of Columbia,74.04,3.62,142.4,4.97,115.05000000000018,3.37
2065,Florida,2120.12,3.73,3863.3,4.78,3534.3399999999965,3.82
2065,Georgia,1357.39,4.12,2241.01,4.79,1780.5699999999997,2.98
2065,Idaho,264.86,3.69,508.03,5.11,535.6599999999999,4.4
2065,Illinois,795.71,3.15,1397.47,3.99,1113.9100000000035,2.7
2065,Indiana,676.01,2.92,1252.65,4.08,1163.2799999999988,3.3
2065,Iowa,269.99,2.73,235.12,1.67,271.0400000000009,1.68
2065,Kansas,444.42,4.0,961.67,6.11,796.1499999999978,4.36
2065,Kentucky,616.45,3.32,1026.31,3.94,1254.8199999999997,4.07
2065,Louisiana,536.69,2.81,986.6,3.92,1163.2299999999996,4.04
2065,Maine,102.0,3.87,116.76,3.15,0.47000000000025466,0.01
2065,Maryland,427.02,3.26,710.11,3.8,478.59000000000015,2.14
2065,Massachusetts,443.9,3.72,826.03,5.13,430.2099999999991,2.17
2065,Michigan,484.02,2.62,790.79,3.24,807.5600000000013,2.89
2065,Minnesota,338.68,2.67,187.32,1.04,134.53999999999724,0.65
2065,Mississippi,360.07,3.22,618.24,4.09,723.5999999999985,4.21
2065,Missouri,773.7,3.84,1705.99,6.25,1838.8899999999994,5.87
2065,Montana,106.85,2.92,210.93,4.5,239.1800000000003,4.32
2065,Nebraska,233.13,3.58,295.61,2.99,146.8199999999997,1.27
2065,Nevada,323.08,3.26,503.16,3.11,663.3500000000022,3.37
2065,New Hampshire,93.73,3.79,128.02,3.73,27.550000000000182,0.65
2065,New Jersey,464.79,3.7,938.89,5.38,877.2200000000012,4.22
2065,New Mexico,164.53,2.66,199.26,2.15,155.73000000000138,1.44
2065,New York,952.24,3.33,2176.16,5.67,1807.199999999997,3.9
2065,North Carolina,1248.72,3.68,1869.27,3.81,820.989999999998,1.38
2065,North Dakota,171.21,4.42,89.89,1.49,108.52000000000044,1.58
2065,Ohio,975.02,3.23,1584.94,3.66,1034.2100000000064,2.0
2065,Oklahoma,705.84,3.98,1360.08,5.31,1109.0900000000001,3.72
2065,Oregon,444.68,3.55,676.74,4.27,795.2000000000007,4.14
2065,Pennsylvania,891.68,3.11,1267.43,3.03,671.320000000007,1.34
2065,Rhode Island,63.81,3.72,122.29,5.31,66.78999999999996,2.35
2065,South Carolina,762.21,3.56,1093.52,3.55,571.0899999999965,1.46
2065,South Dakota,75.33,3.14,62.16,1.75,39.289999999999964,0.97
2065,Tennessee,974.72,3.95,1711.34,4.92,1438.7200000000012,3.39
2065,Texas,3622.91,3.37,5707.72,3.67,4770.899999999994,2.66
2065,Utah,272.58,2.68,519.94,3.8,622.2399999999998,3.85
2065,Vermont,41.42,3.91,43.99,2.94,4.960000000000036,0.27
2065,Virginia,919.45,3.44,1676.99,4.45,1268.5,2.82
2065,Washington,686.18,2.88,1038.74,3.51,932.989999999998,2.64
2065,West Virginia,173.13,3.08,227.84,2.74,98.03999999999905,0.99
2065,Wisconsin,329.66,2.45,380.13,2.09,436.8999999999978,2.09
2065,Wyoming,110.61,2.72,170.19,3.2,213.73999999999978,3.44
2070,Alabama,857.97,3.58,1765.39,5.1,1613.7799999999988,3.89
2070,Arizona,914.25,3.72,1160.73,2.8,1020.0400000000009,1.94
2070,Arkansas,408.44,3.03,858.46,4.72,762.9799999999996,3.6
2070,California,2310.13,3.27,3601.72,3.49,3323.4100000000035,2.54
2070,Colorado,616.27,3.39,891.25,3.49,341.40999999999985,1.08
2070,Connecticut,227.85,3.91,340.61,4.13,372.5499999999993,3.73
2070,Delaware,82.38,3.01,109.58,2.6,86.5,1.69
2070,District of Columbia,67.45,3.12,129.95,4.2,126.44000000000005,3.37
2070,Florida,2188.71,3.62,4166.75,4.78,4567.489999999991,4.7
2070,Georgia,1368.08,3.73,2827.86,5.36,2844.689999999995,4.53
2070,Idaho,280.18,3.63,544.53,5.05,445.65999999999985,3.49
2070,Illinois,765.75,2.85,1274.04,3.27,1144.1100000000006,2.46
2070,Indiana,663.74,2.68,1298.76,3.87,1212.1600000000035,3.09
2070,Iowa,301.51,2.87,301.94,1.94,135.1999999999971,0.74
2070,Kansas,500.29,4.03,1063.74,5.98,1163.369999999999,5.47
2070,Kentucky,623.42,3.12,1093.38,3.74,1015.9300000000003,2.87
2070,Louisiana,616.59,2.9,1359.59,4.87,1222.449999999997,3.79
2070,Maine,118.78,4.29,106.41,2.59,89.26000000000022,1.78
2070,Maryland,412.33,3.02,674.56,3.33,609.010000000002,2.48
2070,Massachusetts,486.58,3.87,805.09,4.58,895.7799999999988,4.21
2070,Michigan,494.06,2.53,910.34,3.46,764.3199999999997,2.51
2070,Minnesota,359.26,2.66,310.42,1.57,101.4900000000016,0.44
2070,Mississippi,399.73,3.2,867.04,5.11,932.8899999999994,4.69
2070,Missouri,788.67,3.51,1682.81,5.43,1572.7200000000012,4.29
2070,Montana,126.22,3.42,121.99,2.38,119.88999999999942,2.03
2070,Nebraska,271.82,3.82,390.34,3.55,400.0500000000011,3.04
2070,Nevada,369.11,3.52,528.09,3.1,583.8600000000006,2.91
2070,New Hampshire,106.08,4.13,114.45,3.04,111.26000000000022,2.43
2070,New Jersey,438.31,3.31,945.67,5.15,943.6500000000015,4.24
2070,New Mexico,195.46,2.96,240.62,2.42,150.88999999999942,1.26
2070,New York,1001.9,3.34,2121.88,5.18,2291.5899999999965,4.67
2070,North Carolina,1358.81,3.58,2761.35,5.04,3367.1700000000055,5.19
2070,North Dakota,164.84,4.27,66.1,1.04,121.24000000000069,1.62
2070,Ohio,984.83,3.05,1717.87,3.63,1601.4500000000044,2.79
2070,Oklahoma,813.06,4.12,1585.26,5.45,1571.0,4.5
2070,Oregon,526.42,3.98,707.91,4.04,677.0300000000025,3.19
2070,Pennsylvania,867.98,3.03,1034.43,2.31,741.189999999995,1.36
2070,Rhode Island,69.88,3.86,120.62,4.79,134.98999999999978,4.43
2070,South Carolina,797.91,3.31,1606.61,4.63,1761.9000000000015,4.36
2070,South Dakota,85.38,3.31,91.86,2.35,94.03999999999996,2.05
2070,Tennessee,965.89,3.63,1994.17,5.19,1632.1399999999994,3.49
2070,Texas,3863.03,3.23,7610.12,4.46,6082.110000000015,3.07
2070,Utah,298.08,2.8,454.62,3.09,441.8899999999994,2.53
2070,Vermont,46.9,4.24,44.17,2.7,38.950000000000045,1.96
2070,Virginia,917.87,3.19,1854.8,4.55,1829.0400000000009,3.7
2070,Washington,817.21,3.24,1155.69,3.63,1636.699999999997,4.22
2070,West Virginia,175.43,3.05,198.39,2.19,132.10000000000036,1.2
2070,Wisconsin,355.54,2.49,436.59,2.16,257.6800000000003,1.1
2070,Wyoming,121.89,2.86,154.84,2.72,107.05000000000018,1.59
2075,Alabama,1040.88,4.13,1982.17,5.44,2215.989999999998,4.99
2075,Arizona,1013.97,3.85,1319.44,2.98,407.6399999999994,0.73
2075,Arkansas,537.28,3.69,1153.99,5.83,1135.619999999999,4.94
2075,California,2294.6,3.05,4188.23,3.84,3116.970000000001,2.33
2075,Colorado,626.76,3.3,808.96,2.93,543.5900000000038,1.6
2075,Connecticut,282.65,4.51,504.68,5.73,459.6200000000008,4.17
2075,Delaware,108.58,3.92,99.69,2.21,65.4399999999996,1.21
2075,District of Columbia,88.15,3.95,163.45,5.01,159.54999999999973,4.09
2075,Florida,3090.33,4.87,5191.89,5.65,4284.130000000005,4.07
2075,Georgia,1613.92,4.23,3028.75,5.48,3662.699999999997,5.42
2075,Idaho,276.43,3.33,612.94,5.35,684.1899999999987,4.79
2075,Illinois,1001.65,3.63,1633.62,4.03,1711.739999999998,3.58
2075,Indiana,846.87,3.33,1507.65,4.23,1647.1299999999974,4.04
2075,Iowa,373.73,3.42,338.19,2.05,239.5,1.25
2075,Kansas,506.1,4.3,568.81,3.02,386.5,1.74
2075,Kentucky,767.02,3.83,1068.31,3.54,1091.739999999998,3.05
2075,Louisiana,783.22,3.49,1632.61,5.39,1689.1699999999983,4.83
2075,Maine,145.26,4.87,145.0,3.27,81.31999999999971,1.46
2075,Maryland,538.87,3.84,776.13,3.6,688.2799999999988,2.67
2075,Massachusetts,603.59,4.5,1121.65,5.98,1038.260000000002,4.43
2075,Michigan,635.05,3.14,1038.32,3.68,1069.020000000004,3.29
2075,Minnesota,464.87,3.33,260.3,1.22,161.5,0.65
2075,Mississippi,489.82,3.72,978.81,5.38,1029.880000000001,4.83
2075,Missouri,924.09,4.01,1945.8,6.05,1844.9900000000052,4.91
2075,Montana,131.05,3.19,252.62,4.69,259.1099999999997,4.18
2075,Nebraska,309.67,4.16,445.62,3.88,364.27999999999884,2.69
2075,Nevada,396.77,3.45,642.28,3.54,425.869999999999,1.94
2075,New Hampshire,129.49,4.71,161.39,4.01,117.72000000000025,2.33
2075,New Jersey,511.21,3.86,871.18,4.44,667.1800000000003,2.84
2075,New Mexico,217.58,3.05,297.63,2.78,221.15999999999985,1.74
2075,New York,1225.17,3.97,2381.9,5.44,1680.4200000000055,3.15
2075,North Carolina,1541.83,3.97,2625.33,4.64,3202.9900000000052,4.65
2075,North Dakota,197.15,4.79,67.18,0.99,135.21000000000004,1.71
2075,Ohio,1280.87,3.85,2006.61,3.99,1842.5,3.06
2075,Oklahoma,895.39,4.37,1535.96,4.96,1197.8899999999994,3.28
2075,Oregon,541.72,3.89,746.71,4.15,514.6500000000015,2.32
2075,Pennsylvania,1149.36,3.98,919.61,1.93,449.3400000000038,0.79
2075,Rhode Island,88.07,4.5,183.02,6.78,176.66999999999962,5.24
2075,South Carolina,908.78,3.68,1446.6,4.04,1760.7200000000012,4.03
2075,South Dakota,101.12,3.73,99.67,2.4,55.75,1.16
2075,Tennessee,1194.99,4.23,2331.43,5.74,2246.6800000000003,4.62
2075,Texas,6669.59,5.22,12628.48,6.91,12895.76999999999,6.07
2075,Utah,305.46,2.62,571.45,3.65,252.09000000000015,1.34
2075,Vermont,57.0,4.84,59.38,3.4,35.5,1.62
2075,Virginia,1260.61,4.08,2505.97,5.63,2553.7999999999956,4.8
2075,Washington,832.51,3.14,1194.23,3.7,1353.1500000000015,3.45
2075,West Virginia,231.37,3.89,237.18,2.48,172.82999999999993,1.51
2075,Wisconsin,456.69,3.12,446.83,2.08,419.6200000000026,1.69
2075,Wyoming,123.88,2.81,117.9,1.96,3.7600000000002183,0.05
2080,Alabama,1300.68,4.71,2477.08,6.24,2292.4199999999983,4.93
2080,Arizona,1134.58,3.81,2100.91,4.45,2481.9000000000015,4.44
2080,Arkansas,596.14,3.77,1212.41,5.69,1396.9900000000016,5.8
2080,California,2132.62,2.66,4500.8,3.98,4103.200000000012,3.0
2080,Colorado,687.61,3.25,1273.18,4.27,1246.1599999999962,3.57
2080,Connecticut,304.09,4.67,534.95,5.98,528.5100000000002,4.89
2080,Delaware,108.87,3.77,108.98,2.41,22.470000000000255,0.42
2080,District of Columbia,86.83,3.85,163.21,5.09,89.69000000000005,2.37
2080,Florida,3200.35,4.79,5607.2,5.65,4855.970000000001,4.35
2080,Georgia,2108.51,5.03,4088.31,6.77,3932.679999999993,5.57
2080,Idaho,290.52,3.4,544.74,4.44,534.1299999999992,3.48
2080,Illinois,1232.95,4.04,2612.8,6.29,2363.1300000000047,4.89
2080,Indiana,862.98,3.34,1475.63,4.18,1608.780000000006,3.99
2080,Iowa,397.5,3.47,313.52,1.81,345.59999999999854,1.77
2080,Kansas,673.59,4.67,1483.63,7.11,1651.7299999999996,6.91
2080,Kentucky,850.19,3.91,1368.49,4.35,1662.5399999999936,4.4
2080,Louisiana,871.34,3.62,1774.94,5.58,1857.8899999999994,5.17
2080,Maine,161.06,5.08,174.73,3.83,141.17000000000007,2.55
2080,Maryland,541.15,3.72,835.26,3.89,296.0,1.17
2080,Massachusetts,654.14,4.6,1336.43,6.98,1367.869999999999,5.91
2080,Michigan,666.75,3.22,1077.75,3.83,1045.2299999999996,3.28
2080,Minnesota,491.46,3.3,343.0,1.57,200.16999999999825,0.81
2080,Mississippi,598.16,4.16,1194.64,6.11,1365.0199999999968,6.09
2080,Missouri,1061.52,4.31,2230.07,6.53,2712.8700000000026,6.96
2080,Montana,143.33,3.28,241.14,4.04,260.02999999999975,3.77
2080,Nebraska,321.64,4.1,416.2,3.3,431.4800000000014,2.98
2080,Nevada,360.75,3.0,574.66,3.02,577.2200000000012,2.52
2080,New Hampshire,141.11,4.79,211.58,5.13,199.69999999999982,4.0
2080,New Jersey,512.14,3.8,937.12,4.88,516.8500000000022,2.28
2080,New Mexico,253.0,3.22,441.5,3.82,415.7699999999986,3.18
2080,New York,1279.64,3.98,2739.2,6.28,2403.8799999999974,4.61
2080,North Carolina,2004.3,4.72,3917.14,6.47,4369.529999999999,6.0
2080,North Dakota,205.42,4.73,84.94,1.18,56.6899999999996,0.69
2080,Ohio,1333.24,3.81,2404.59,4.78,1224.3900000000067,2.07
2080,Oklahoma,1042.16,4.5,1958.86,5.6,2214.8699999999953,5.5
2080,Oregon,571.14,3.87,863.78,4.57,873.6699999999983,3.86
2080,Pennsylvania,1138.38,3.81,1037.86,2.2,372.0200000000041,0.67
2080,Rhode Island,93.63,4.62,181.46,6.6,183.52000000000044,5.52
2080,South Carolina,1173.77,4.32,2167.02,5.54,2077.5799999999945,4.45
2080,South Dakota,106.93,3.63,129.24,2.9,156.09000000000015,3.09
2080,Tennessee,1507.34,4.89,3088.67,7.05,3893.0599999999977,7.49
2080,Texas,5893.03,4.27,11245.58,5.63,12409.01999999999,5.42
2080,Utah,307.88,2.57,427.8,2.54,271.5799999999981,1.36
2080,Vermont,62.59,4.99,74.55,4.16,63.86999999999989,2.94
2080,Virginia,1410.91,4.38,3059.86,6.86,2194.520000000004,4.18
2080,Washington,907.42,3.25,1254.23,3.73,968.2900000000009,2.5
2080,West Virginia,232.88,3.73,270.28,2.81,4.489999999999782,0.04
2080,Wisconsin,504.3,3.14,664.66,2.99,658.739999999998,2.61
2080,Wyoming,131.1,2.69,215.29,3.33,170.84000000000015,2.28
2085,Alabama,1447.21,4.9,2974.26,7.16,3925.6800000000003,8.11
2085,Arizona,951.4,3.22,1200.03,2.42,160.7699999999968,0.26
2085,Arkansas,577.42,3.6,963.47,4.29,840.3500000000022,3.28
2085,California,2511.69,3.02,4710.86,4.01,3517.3799999999756,2.42
2085,Colorado,821.52,3.66,1570.72,5.0,1157.8899999999994,2.99
2085,Connecticut,358.97,5.32,493.1,5.06,95.94000000000051,0.78
2085,Delaware,126.79,4.03,150.8,3.02,130.47000000000025,2.27
2085,District of Columbia,109.66,4.44,211.92,5.94,217.0,5.3
2085,Florida,3140.81,4.47,5092.33,4.81,5027.789999999994,4.17
2085,Georgia,2246.47,5.05,4708.09,7.56,5793.430000000008,7.99
2085,Idaho,324.96,3.48,671.1,5.07,728.6399999999976,4.47
2085,Illinois,1136.09,3.8,1617.92,3.62,1414.0999999999985,2.78
2085,Indiana,1027.03,3.61,1900.74,4.87,2026.5899999999965,4.59
2085,Iowa,432.22,3.49,433.01,2.33,255.29999999999927,1.2
2085,Kansas,822.36,5.27,1843.99,8.44,1887.3100000000013,7.27
2085,Kentucky,957.63,4.14,1535.62,4.48,1461.4200000000055,3.72
2085,Louisiana,922.53,3.6,1794.26,5.24,1835.7900000000009,4.71
2085,Maine,188.38,5.75,138.48,2.77,118.32999999999993,1.87
2085,Maryland,656.56,4.15,1055.74,4.44,1029.5299999999988,3.77
2085,Massachusetts,780.23,5.26,1221.4,5.79,408.9599999999991,1.54
2085,Michigan,716.28,3.28,1153.99,3.83,1132.1200000000026,3.32
2085,Minnesota,512.82,3.24,432.72,1.83,310.1900000000023,1.15
2085,Mississippi,637.78,4.21,1303.77,6.37,1054.2299999999996,4.56
2085,Missouri,1060.23,4.13,1831.97,4.98,1450.310000000005,3.43
2085,Montana,170.85,3.53,335.97,5.28,464.34999999999945,6.16
2085,Nebraska,381.12,4.44,560.64,4.21,475.65999999999985,3.0
2085,Nevada,421.6,3.3,598.23,2.93,286.5499999999993,1.12
2085,New Hampshire,166.32,5.5,172.78,3.84,30.520000000000437,0.54
2085,New Jersey,644.44,4.42,1234.6,5.89,1125.1800000000003,4.69
2085,New Mexico,270.19,3.34,390.88,3.21,174.85000000000036,1.22
2085,New York,1775.51,5.06,3973.85,8.34,4812.889999999999,8.42
2085,North Carolina,2067.86,4.63,3935.62,6.05,3946.5399999999936,5.05
2085,North Dakota,217.13,4.8,98.39,1.27,186.0,2.12
2085,Ohio,1634.84,4.31,2987.66,5.38,3016.510000000002,4.74
2085,Oklahoma,1262.41,5.0,2586.17,7.06,2541.1900000000023,5.82
2085,Oregon,529.59,3.41,736.65,3.64,651.739999999998,2.69
2085,Pennsylvania,1281.08,4.15,985.07,1.91,451.25999999999476,0.76
2085,Rhode Island,112.56,5.25,183.33,6.05,68.63999999999987,1.8
2085,South Carolina,1309.44,4.54,2462.06,5.91,2284.0599999999977,4.52
2085,South Dakota,123.35,3.85,172.09,3.63,67.28999999999996,1.23
2085,Tennessee,1591.18,4.94,3204.26,7.03,4370.440000000002,8.24
2085,Texas,6098.93,4.18,11394.81,5.43,10093.590000000026,4.26
2085,Utah,360.58,2.72,591.09,3.25,347.52999999999884,1.57
2085,Vermont,72.44,5.67,59.11,3.05,36.42000000000007,1.49
2085,Virginia,1531.77,4.49,3013.33,6.14,3093.8899999999994,5.5
2085,Washington,842.6,2.86,1247.0,3.46,1256.8399999999965,3.03
2085,West Virginia,274.54,4.06,372.5,3.54,342.6899999999987,2.84
2085,Wisconsin,517.23,3.14,559.94,2.34,519.5900000000001,1.92
2085,Wyoming,145.7,2.84,218.91,3.19,171.25,2.09
2090,Alabama,1530.41,4.91,2814.76,6.14,2287.6900000000023,4.26
2090,Arizona,1188.12,3.83,1655.0,3.17,1346.6399999999994,2.17
2090,Arkansas,709.89,4.03,1252.62,5.12,1174.9300000000003,4.17
2090,California,2985.98,3.37,5813.36,4.68,5730.940000000002,3.62
2090,Colorado,932.04,4.04,1490.76,4.55,944.9799999999959,2.38
2090,Connecticut,387.11,5.61,462.07,4.54,26.43999999999869,0.21
2090,Delaware,131.9,4.03,150.49,2.89,75.25,1.24
2090,District of Columbia,125.9,5.0,239.37,6.53,219.03000000000065,5.14
2090,Florida,3219.03,4.23,5775.17,5.09,6414.389999999999,5.02
2090,Georgia,2382.73,5.08,4474.15,6.52,3910.62999999999,4.87
2090,Idaho,383.19,3.94,753.3,5.48,1062.140000000003,6.26
2090,Illinois,1189.82,3.85,1566.2,3.35,1080.050000000003,2.0
2090,Indiana,1140.33,3.84,1984.94,4.8,1411.020000000004,3.01
2090,Iowa,447.64,3.6,234.12,1.19,82.97000000000116,0.37
2090,Kansas,823.25,5.33,1591.22,7.02,1462.4000000000015,5.38
2090,Kentucky,1064.73,4.35,1684.19,4.59,1030.6599999999962,2.43
2090,Louisiana,1036.24,3.89,1877.35,5.16,1602.6599999999962,3.88
2090,Maine,199.83,5.91,126.29,2.39,210.53000000000065,3.18
2090,Maryland,709.99,4.34,1100.83,4.45,867.6299999999974,3.01
2090,Massachusetts,839.33,5.6,1106.57,5.07,95.63999999999942,0.35
2090,Michigan,787.06,3.43,1224.81,3.84,810.5899999999965,2.25
2090,Minnesota,523.44,3.19,370.19,1.5,87.30000000000291,0.31
2090,Mississippi,710.29,4.41,1337.37,5.95,942.880000000001,3.63
2090,Missouri,1196.73,4.54,2047.65,5.4,1931.6900000000023,4.34
2090,Montana,191.2,3.8,361.53,5.45,460.5599999999995,5.88
2090,Nebraska,401.16,4.74,368.02,2.63,128.86999999999898,0.77
2090,Nevada,482.5,3.68,657.84,3.1,374.869999999999,1.46
2090,New Hampshire,176.03,5.72,147.74,3.15,111.84000000000015,1.9
2090,New Jersey,682.11,4.59,1195.85,5.48,1054.2000000000007,4.11
2090,New Mexico,326.48,3.84,434.46,3.38,433.0499999999993,2.88
2090,New York,1731.52,4.97,3227.31,6.56,3186.3899999999994,5.3
2090,North Carolina,2459.79,5.18,4670.2,6.65,4488.669999999998,5.37
2090,North Dakota,210.32,4.41,95.1,1.18,135.88000000000102,1.45
2090,Ohio,1751.14,4.48,2904.28,4.98,2420.8600000000006,3.56
2090,Oklahoma,1349.5,5.33,2347.36,6.13,2133.699999999997,4.62
2090,Oregon,639.72,3.92,901.35,4.24,783.6100000000006,3.0
2090,Pennsylvania,1310.61,4.08,924.29,1.7,590.5299999999988,0.93
2090,Rhode Island,123.37,5.61,178.14,5.62,36.39000000000033,0.92
2090,South Carolina,1535.58,5.03,2959.28,6.62,2492.6900000000023,4.7
2090,South Dakota,127.67,4.0,111.69,2.25,41.38000000000011,0.71
2090,Tennessee,1775.71,5.09,3444.53,6.77,2092.290000000001,3.48
2090,Texas,6959.07,4.55,11692.67,5.18,11825.119999999995,4.54
2090,Utah,440.39,3.23,636.44,3.34,263.25,1.16
2090,Vermont,76.75,5.86,51.54,2.53,73.75,2.89
2090,Virginia,1691.9,4.7,3026.32,5.72,2666.949999999997,4.33
2090,Washington,980.18,3.17,1428.12,3.81,1321.9400000000023,3.0
2090,West Virginia,280.35,4.03,317.18,2.86,155.26000000000022,1.2
2090,Wisconsin,525.82,3.14,372.5,1.48,78.20999999999913,0.27
2090,Wyoming,178.5,3.34,240.37,3.35,136.4300000000003,1.63
2095,Alabama,1757.4,5.43,2880.82,6.0,2687.229999999996,4.78
2095,Arizona,1611.88,4.94,2264.04,4.2,2289.699999999997,3.45
2095,Arkansas,743.69,4.08,1265.49,5.04,1531.8199999999997,5.3
2095,California,3413.2,3.76,5452.18,4.16,4174.0,2.58
2095,Colorado,992.3,4.23,1271.06,3.73,1116.0299999999988,2.75
2095,Connecticut,404.47,5.65,506.4,4.85,799.9700000000012,6.27
2095,Delaware,141.9,4.09,164.36,3.09,146.85999999999967,2.34
2095,District of Columbia,170.23,6.41,332.56,8.84,359.3299999999999,8.12
2095,Florida,4462.73,5.74,7035.73,6.28,5760.319999999992,4.59
2095,Georgia,2877.84,5.94,4943.65,6.92,4621.300000000003,5.54
2095,Idaho,411.31,4.14,683.1,4.76,755.1100000000006,4.31
2095,Illinois,1219.71,3.8,1412.11,2.95,1003.2200000000012,1.79
2095,Indiana,1259.33,4.05,2144.39,5.04,2071.8099999999977,4.2
2095,Iowa,451.46,3.38,305.69,1.51,375.7599999999984,1.6
2095,Kansas,824.82,5.09,1494.88,6.33,1778.2700000000004,6.4
2095,Kentucky,1113.08,4.37,1655.18,4.45,1265.7099999999991,2.89
2095,Louisiana,1185.11,4.19,2135.63,5.6,2417.970000000001,5.52
2095,Maine,213.77,6.02,115.85,2.11,213.72000000000025,3.16
2095,Maryland,836.49,4.76,1423.45,5.61,1461.5200000000004,4.9
2095,Massachusetts,880.69,5.62,1247.26,5.53,1917.6200000000026,6.96
2095,Michigan,910.59,3.75,1486.61,4.5,1465.3400000000038,3.85
2095,Minnesota,534.0,3.17,287.99,1.14,207.5099999999984,0.71
2095,Mississippi,777.09,4.66,1334.99,5.73,1266.9599999999991,4.66
2095,Missouri,1003.91,3.9,799.6,2.01,999.2900000000009,2.16
2095,Montana,191.48,3.69,327.48,4.75,442.7000000000007,5.54
2095,Nebraska,398.74,4.31,442.19,3.03,525.7900000000009,3.05
2095,Nevada,487.84,3.68,603.59,2.77,915.0499999999993,3.52
2095,New Hampshire,186.94,5.8,155.61,3.2,271.1900000000005,4.54
2095,New Jersey,811.62,5.16,1521.0,6.85,1497.0400000000009,5.72
2095,New Mexico,301.01,3.6,230.94,1.73,103.67000000000007,0.68
2095,New York,1743.07,4.85,3217.61,6.42,4148.989999999998,6.87
2095,North Carolina,2787.4,5.61,5257.42,7.2,5357.110000000001,6.3
2095,North Dakota,227.72,4.55,133.42,1.62,112.15999999999985,1.18
2095,Ohio,1983.99,4.77,3389.53,5.66,3484.100000000006,4.94
2095,Oklahoma,1315.83,4.94,2110.37,5.27,2520.5499999999956,5.33
2095,Oregon,710.95,4.23,799.63,3.52,335.8000000000029,1.23
2095,Pennsylvania,1367.94,3.94,1077.36,1.94,567.9700000000012,0.87
2095,Rhode Island,128.41,5.61,195.48,5.99,295.97999999999956,7.43
2095,South Carolina,1719.0,5.35,3127.54,6.6,3156.3199999999997,5.78
2095,South Dakota,127.77,3.77,126.32,2.47,154.97999999999956,2.62
2095,Tennessee,1903.0,5.43,3274.06,6.38,2756.8199999999997,4.51
2095,Texas,7175.08,4.59,10499.55,4.52,10560.790000000037,3.91
2095,Utah,450.78,3.22,578.42,2.92,594.5900000000001,2.5
2095,Vermont,81.3,5.95,48.79,2.32,90.07000000000016,3.48
2095,Virginia,1910.3,5.12,3492.86,6.56,3647.459999999999,5.83
2095,Washington,1133.77,3.54,1503.44,3.82,1634.0999999999985,3.69
2095,West Virginia,312.25,4.14,385.36,3.37,354.7600000000002,2.63
2095,Wisconsin,543.65,3.13,326.95,1.27,229.90000000000146,0.77
2095,Wyoming,180.86,3.3,198.83,2.65,114.23999999999978,1.31
